[
    { "module_name" : "report" , "screen_name" : "accounting-safes-payments" , "name":"safes_payments_manage" , "en":"Manage" , "ar":"إدارة"},
    { "module_name" : "report" , "screen_name" : "accounting-safes-payments" , "name":"safes_payments_add" , "en":"Add" , "ar":"إضافة"},
    { "module_name" : "report" , "screen_name" : "accounting-safes-payments" , "name":"safes_payments_update" , "en":"Edit" , "ar":"تعديل"},
    { "module_name" : "report" , "screen_name" : "accounting-safes-payments" , "name":"safes_payments_delete" , "en":"Delete" , "ar":"حذف"},
    { "module_name" : "report" , "screen_name" : "accounting-safes-payments" , "name":"safes_payments_view" , "en":"View" , "ar":"عرض"},
    { "module_name" : "report" , "screen_name" : "accounting-safes-payments" , "name":"safes_payments_search" , "en":"Search" , "ar":"بحث"},
    { "module_name" : "report" , "screen_name" : "accounting-safes-payments" , "name":"safes_payments_export" , "en":"Export" , "ar":"تصدير"},
    { "module_name" : "report" , "screen_name" : "accounting-safes-payments" , "name":"safes_payments_print" , "en":"Print" , "ar":"طباعة"},
    { "module_name" : "report" , "screen_name" : "accounting-safes-payments" , "name":"safes_payments_ui" , "en":"Ui" , "ar":"الواجهة الرسومية"},
    { "module_name" : "report" , "screen_name" : "accounting-safes-payments" , "name":"safes_payments_handle" , "en":"Handler" , "ar":"تهيئة"}
]