[
    { "module_name" : "public" , "screen_name" : "attend-session" , "name":"attend_session_manage" , "en":"Manage" , "ar":"إدارة"},
    { "module_name" : "public" , "screen_name" : "attend-session" , "name":"attend_session_add" , "en":"Add" , "ar":"إضافة"},
    { "module_name" : "public" , "screen_name" : "attend-session" , "name":"attend_session_update" , "en":"Edit" , "ar":"تعديل"},
    { "module_name" : "public" , "screen_name" : "attend-session" , "name":"attend_session_delete" , "en":"Delete" , "ar":"حذف"},
    { "module_name" : "public" , "screen_name" : "attend-session" , "name":"attend_session_view" , "en":"View" , "ar":"عرض"},
    { "module_name" : "public" , "screen_name" : "attend-session" , "name":"attend_session_search" , "en":"Search" , "ar":"بحث"},
    { "module_name" : "public" , "screen_name" : "attend-session" , "name":"attend_session_export" , "en":"Export" , "ar":"تصدير"},
    { "module_name" : "public" , "screen_name" : "attend-session" , "name":"attend_session_print" , "en":"Print" , "ar":"طباعة"},
    { "module_name" : "public" , "screen_name" : "attend-session" , "name":"attend_session_ui" , "en":"Ui" , "ar":"الواجهة الرسومية"}
]