[
    {
        "name": "attend_session",
        "en": "Attend Session",
        "ar": "حضور الجلسات للمشتركين"
    },
    {
        "name": "attend_session",
        "en": "The Attend Session",
        "ar": "حضور جلسة"
    },
    {
        "name": "attend_session_new",
        "en": "New Attend Session",
        "ar": "حضور جلسة جديدة"
    },
    {
        "name": "attend_session_attend",
        "en": "Attend Time",
        "ar": "وقت الحضور"
    },
    {
        "name": "attend_session_leave",
        "en": "Leave Time",
        "ar": "وقت المغادرة"
    },
    {
        "name": "leave_now",
        "en": "Leave Now",
        "ar": "مغادرة الأن"
    },
    {
        "name": "attend_date",
        "en": "Attend Date",
        "ar": "تاريخ الحضور"
    },
    {
        "name": "attend_date_from",
        "en": "Attend Date From",
        "ar": "تاريخ الحضور من"
    },
    {
        "name": "attend_date_to",
        "en": "Attend Date To",
        "ar": "تاريخ الحضور إلى"
    },

    {
        "name": "leave_date",
        "en": "Leave Date",
        "ar": "تاريخ الإنصراف"
    },
    {
        "name": "leave_date_from",
        "en": "Leave Date From",
        "ar": "تاريخ الإنصراف من"
    },
    {
        "name": "leave_date_to",
        "en": "Leave Date To",
        "ar": "تاريخ الإنصراف إلى"
    },
    
    {
        "name": "leave_now",
        "en": "Leave Now",
        "ar": "مغادرة الأن"
    },
    
    {
        "name": "attend_session_add",
        "en": "Add Attend Session",
        "ar": "إضافة حضور مشترك"
    },
    {
        "name": "attend_session_edit",
        "en": "Edit Attend Session",
        "ar": "تعديل حضور مشترك"
    },
    {
        "name": "attend_session_details",
        "en": "Attend Session Details",
        "ar": "تفاصيل حضور مشترك"
    },
    {
        "name": "attend_session_delete",
        "en": "Delete Attend Session",
        "ar": "حذف حضور مشترك"
    },
    {
        "name": "attend_session_name",
        "en": "Course Name",
        "ar": "إسم الحضور مشترك "
    },
    {
        "name": "attend_session_total",
        "en": "Total Duration",
        "ar": "إجمالي المدة "
    }
]