[
    {
        "module_name": "public",
        "name": "companies_admin",
        "en": "Administration Permissions",
        "ar": "َصلاحيات الإدارة",
        "permissions": [
            "account_course_manage",
            "book_course_manage",
            "book_hall_manage",
            "courses_manage",
            "create_course_manage",
            "hosting_manage",
            "lecture_admin",
            "lecture_manage",
            "showNotifications",
            "tenant_manage",
            "discount_types_manage",
            "ecommerce_setting_manage",
            "main_eco_manage",
            "order_eco_manage",
            "report_eco_manage",
            "in_out_names_manage",
            "account_invoices_manage",
            "safes_manage",
            "tax_types_manage",
            "currency_manage",
            "financial_years_manage",
            "extras_items_manage",
            "area_manage",
            "city_manage",
            "customers_manage",
            "customers_group_manage",
            "default_setting_manage",
            "nationalities_manage",
            "goves_manage",
            "maritals_status_manage",
            "militaries_status_manage",
            "numbering_manage",
            "order_slides_manage",
            "printers_path_manage",
            "reset_manage",
            "shifts_manage",
            "vendors_manage",
            "vendors_group_manage",
            "accounting_cost_centers_manage",
            "order_delivery_manage",
            "accounting_guide_accounts_manage",
            "accounting_guide_budget_manage",
            "accounting_guide_income_list_manage",
            "journal_entries_manage",
            "attend_session_manage",
            "attend_subscribers_manage",
            "report_info_manage",
            "report_requests_manage",
            "report_subscribers_manage",
            "report_trainer_attend_manage",
            "request_activity_manage",
            "activity_manage",
            "attend_employees_manage",
            "delegate_manage",
            "employee_discount_manage",
            "employee_offer_manage",
            "employee_manage",
            "employees_degrees_manage",
            "employee_insurance_manage",
            "employees_report_manage",
            "facilities_codes_manage",
            "insurance_slide_manage",
            "trainer_manage",
            "jobs_manage",
            "items_group_manage",
            "stores_manage",
            "stores_assemble_manage",
            "stores_dismantle_manage",
            "stores_in_manage",
            "stores_items_manage",
            "stores_offer_manage",
            "stores_out_manage",
            "stores_stock_manage",
            "transfer_branch_manage",
            "units_manage",
            "units_switch_manage",
            "adjectives_manage",
            "administrative_business_manage",
            "circles_manage",
            "courts_manage",
            "lawsuit_add_manage",
            "lawsuit_degrees_manage",
            "lawsuit_status_manage",
            "lawsuit_types_manage",
            "office_lawyers_manage",
            "file_type_manage",
            "oppenents_manage",
            "oppenents_lawyers_manage",
            "reasons_sessions_manage",
            "request_types_manage",
            "rogatory_manage",
            "rogatory_places_manage",
            "rogatory_types_manage",
            "session_add_manage",
            "disease_manage",
            "hall_manage",
            "medicine_manage",
            "delivery_employee_manage",
            "itineraries_manage",
            "order_customer_manage",
            "order_distributor_manage",
            "order_invoice_manage",
            "order_management_manage",
            "report_employee_delivery_manage",
            "report_employee_user_manage",
            "report_full_employees_manage",
            "report_orders_manage",
            "security_manage",
            "menus",
            "Print",
            "companies_manage",
            "safes_payments_manage",
            "employees_salary_report_manage",
            "item_transaction_manage",
            "report_attend_employees_manage",
            "report_daily_manage",
            "report_employee_delegate_manage",
            "report_invoices_manage",
            "report_invoices_customers_manage",
            "report_invoices_payments_manage",
            "report_invoices_vendors_manage",
            "report_itineraries_manage",
            "report_safes_manage",
            "report_sales_detailed_manage",
            "report_sales_total_manage",
            "report_shift_manage",
            "report_stores_balance_manage",
            "report_stores_evaluation_manage",
            "report_stores_movement_manage",
            "report_stores_re_order_manage",
            "report_transaction_total_manage",
            "report_value_added_manage",
            "kitchen_manage",
            "order_kitchen_manage",
            "order_slides_manage",
            "tables_manage",
            "tables_group_manage",
            "attend_students_manage",
            "class_schedule_manage",
            "exam_grades_manage",
            "exams_manage",
            "report_attend_students_manage",
            "report_exams_manage",
            "students_years_manage",
            "school_grades_manage",
            "school_years_manage",
            "transfer_safes_manage",
            "seating_numbers_manage",
            "subjects_manage",
            "types_expenses_manage",
            "year_works_manage",
            "exams_results_manage",
            "clinics_manage",
            "specialties_manage",
            "doctors_manage",
            "nursing_manage",
            "operation_manage",
            "insurance_companies_manage",
            "analysis_manage",
            "scans_manage",
            "foods_manage",
            "drinks_manage",
            "active_substances_manage",
            "doctors_visits_manage",
            "analysis_requests_manage",
            "scans_requests_manage",
            "operations_requests_manage",
            "prices_codes_manage",
            "patients_tickets_manage",
            "patients_files_manage",
            "report_analysis_requests_manage",
            "report_scans_requests_manage",
            "report_payable_customers_manage",
            "report_payable_vendors_manage",
            "report_doctors_visits_manage",
            "libraries_manage",
            "vehicles_manage",
            "vehicles_types_manage"
        ]
    }
]