[
    { "module_name" : "report" , "screen_name" : "report-invoices" , "name":"report_invoices_manage" , "en":"Manage" , "ar":"إدارة"},
    { "module_name" : "report" , "screen_name" : "report-invoices" , "name":"report_invoices_search" , "en":"Search" , "ar":"بحث"},
    { "module_name" : "report" , "screen_name" : "report-invoices" , "name":"report_invoices_export" , "en":"Export" , "ar":"تصدير"},
    { "module_name" : "report" , "screen_name" : "report-invoices" , "name":"report_invoices_print" , "en":"Print" , "ar":"طباعة"},
    { "module_name" : "report" , "screen_name" : "report-invoices" , "name":"report_invoices_ui" , "en":"UI" , "ar":"الواجهة الرسومية"}
]