[
    {
        "name": "report_invoices_add",
        "en": "Add Customer",
        "ar": "إضافة عميل"
    },
    {
        "name": "report_invoices_informations",
        "en": "Report Invoices Informations",
        "ar": "بيانات تقرير فاتورة"
    },
    {
        "name": "report_invoices_name",
        "en": "Report Invoices",
        "ar": "تقرير الفواتير"
    },
    {
        "name": "report_invoices",
        "en": "Report Invoices",
        "ar": "تقرير الفواتير"
    },
    {
        "name": "report_invoices_menus",
        "en": "Report Invoices Menu",
        "ar": "قائمة تقرير فاتورة"
    },
    {
        "name": "invoices_code",
        "en": "Report Invoices Code",
        "ar": "كود الفاتورة"
    },
    {
        "name": "total_items_price",
        "en": "Total Items Price",
        "ar": "مجموع سعر الأصناف"
    },
    {
        "name": "report_invoices_name",
        "en": "Report Invoices Name",
        "ar": "إسم تقرير فاتورة"
    },
    {
        "name": "source_type",
        "en": "Source Type",
        "ar": "نوع المصدر"
    },
    {
        "name": "order_invoices_type",
        "en": "Order Invoices Type",
        "ar": "نوع أمر الفاتورة"
    },
    {
        "name": "order_sale",
        "en": "Order Sale",
        "ar": "أمر بيع"
    },
    {
        "name": "payable",
        "en": "Payable",
        "ar": "مستحق الدفع"
    },
    {
        "name": "invoice_type",
        "en": "Invoice Type",
        "ar": "نوع الفاتورة"
    },
    {
        "name": "payment",
        "en": "Payment",
        "ar": "تسديد"
    },
    {
        "name": "remain_amount",
        "en": "Remain Amount",
        "ar": "المبلغ المتبقي"
    },
    {
        "name": "detailes_amounts_paid",
        "en": "Detailes Amounts Paid",
        "ar": "تفاصيل المدفوعات"
    }
]