[
    { "module_name" : "public" , "screen_name" : "order-delivery" , "name":"order_delivery_manage" , "en":"Manage" , "ar":"إدارة"},
    { "module_name" : "public" , "screen_name" : "order-delivery" , "name":"order_delivery_edit" , "en":"Edit" , "ar":"تعديل"},
    { "module_name" : "public" , "screen_name" : "order-delivery" , "name":"order_delivery_delete" , "en":"Delete" , "ar":"حذف"},
    { "module_name" : "public" , "screen_name" : "order-delivery" , "name":"order_delivery_view" , "en":"View" , "ar":"عرض"},
    { "module_name" : "public" , "screen_name" : "order-delivery" , "name":"order_delivery_search" , "en":"Search" , "ar":"بحث"},
    { "module_name" : "public" , "screen_name" : "order-delivery" , "name":"order_delivery_export" , "en":"Export" , "ar":"تصدير"},
    { "module_name" : "public" , "screen_name" : "order-delivery" , "name":"order_delivery_print" , "en":"Print" , "ar":"طباعة"},
    { "module_name" : "public" , "screen_name" : "order-delivery" , "name":"order_delivery_ui" , "en":"UI" , "ar":"الواجهة الرسومية"}
]