[
    {
        "name": "order_delivery",
        "en": "Delivery Order",
        "ar": "تسليم الطلبات"
    },
    {
        "name": "order_delivery_tenant_date_from",
        "en": "Date From",
        "ar": "من تاريخ"
    },
    {
        "name": "order_delivery_tenant_date_to",
        "en": "Date To",
        "ar": "إلى تاريخ"
    },
    {
        "name": "order_type",
        "en": "Order Type",
        "ar": "نوع الطلب"
    },
    {
        "name": "items_menu",
        "en": "Items menu",
        "ar": "قائمة الأصناف"
    },
    {
        "name": "under_preparing",
        "en": "under preparinge",
        "ar": "تحت التحضير"
    },
    {
        "name": "preparation_status",
        "en": "Preparation status",
        "ar": "حالة التحضير"
    },
    {
        "name": "prepared",
        "en": "Prepared",
        "ar": "تم التحضير"
    },
    {
        "name": "order_delivery_tenant_date",
        "en": "Date",
        "ar": "التاريخ"
    },
    {
        "name": "done_deliver",
        "en": "Done Deliver",
        "ar": "تم التسليم"
    },
    {
        "name": "general_Settings",
        "en": "General Settings",
        "ar": "إعدادات عامة"
    },
    {
        "name": "inventory_settings",
        "en": "Inventory",
        "ar": "المخازن"
    },
    {
        "name": "accounting_settings",
        "en": "Accountinng",
        "ar": "الحسابات"
    },
    {
        "name": "order_delivery_sales_invoices",
        "en": "order_delivery Sales Invoices",
        "ar": "تقرير فواتير البيع"
    },
    {
        "name": "order_delivery_tenant_date",
        "en": "Date",
        "ar": "التاريخ"
    },
    {
        "name": "piece_name",
        "en": "Piece Of Name",
        "ar": "إسم القطعة"
    },
    {
        "name": "store_name",
        "en": "Piece Of Name",
        "ar": "إسم القطعة"
    },
    {
        "name": "attend_absence_list",
        "en": "Attend & Absence List",
        "ar": "بيان الحضور و الغياب"
    },
    {
        "name": "attend_hour",
        "en": "Attend Hour",
        "ar": "حضور الساعة"
    },
    {
        "name": "out_hour",
        "en": "Out Hour",
        "ar": "إنصراف الساعة"
    },
    {
        "name": "order_delivery_serial",
        "en": "Serial",
        "ar": "رقم مسلسل"
    },
    {
        "name": "order_delivery_tenant_required",
        "en": "Required",
        "ar": "المطلوب"
    },
    {
        "name": "order_delivery_tenant_total_required",
        "en": "Total Required",
        "ar": "إجمالي المطلوب"
    },
    {
        "name": "order_delivery_tenant_total",
        "en": "Total Rest",
        "ar": "إجمالي المدفوع"
    },
    {
        "name": "order_delivery_tenant_total_rest",
        "en": "Total Rest",
        "ar": "إجمالي الباقي"
    },
    {
        "name": "order_delivery_tenant_rest",
        "en": "Rest",
        "ar": "الباقي"
    },
    {
        "name": "order_delivery_tenant_paid",
        "en": "paid",
        "ar": "المدفوع"
    },
    {
        "name": "order_delivery_tenant_date",
        "en": "Offer Date",
        "ar": "التاريخ"
    },
    {
        "name": "items_notes",
        "en": "Notes",
        "ar": "ملاحظات"
    }
]