[
    {
        "module_name": "report",
        "screen_name": "inventory-item-transaction",
        "name": "item_transaction_manage",
        "en": "Manage",
        "ar": "إدارة"
    },
    {
        "module_name": "report",
        "screen_name": "inventory-item-transaction",
        "name": "item_transaction_add",
        "en": "Add",
        "ar": "إضافة"
    },
    {
        "module_name": "report",
        "screen_name": "inventory-item-transaction",
        "name": "item_transaction_edit",
        "en": "Edit",
        "ar": "تعديل"
    },
    {
        "module_name": "report",
        "screen_name": "inventory-item-transaction",
        "name": "item_transaction_delete",
        "en": "Delete",
        "ar": "حذف"
    },
    {
        "module_name": "report",
        "screen_name": "inventory-item-transaction",
        "name": "item_transaction_view",
        "en": "View",
        "ar": "عرض"
    },
    {
        "module_name": "report",
        "screen_name": "inventory-item-transaction",
        "name": "item_transaction_search",
        "en": "Search",
        "ar": "بحث"
    },
    {
        "module_name": "report",
        "screen_name": "inventory-item-transaction",
        "name": "item_transaction_export",
        "en": "Export",
        "ar": "تصدير"
    },
    {
        "module_name": "report",
        "screen_name": "inventory-item-transaction",
        "name": "item_transaction_print",
        "en": "Print",
        "ar": "طباعة"
    },
    {
        "module_name": "report",
        "screen_name": "inventory-item-transaction",
        "name": "item_transaction_ui",
        "en": "UI",
        "ar": "الواجهة الرسومية"
    },
    {
        "module_name": "report",
        "screen_name": "inventory-item-transaction",
        "name": "item_transaction_handler",
        "en": "Handler",
        "ar": "تهيئة"
    }
]