[
    {
        "id": 1,
        "en": "Stores In / Purchase Invoice",
        "ar": "إذن وارد / فاتورة شراء"
    },
    {
        "id": 2,
        "en": "Stores Out / Sales Invoice",
        "ar": "إذن صرف / فاتورة بيع"
    },
    {
        "id": 3,
        "en": "Assembling Items",
        "ar": "تجميع الأصناف"
    },
    {
        "id": 4,
        "en": "Assembling Items",
        "ar": "تفكيك الأصناف"
    },
    {
        "id": 5,
        "en": "Transfer Items",
        "ar": "تحويل أصناف"
    },
    {
        "id": 6,
        "en": "Stock Items",
        "ar": "الجرد المخزني"
    }
]