[
    {
        "name": "item_transaction_date",
        "en": "Date",
        "ar": " التاريخ"
    },
    {
        "name": "item_transaction_add",
        "en": "Add Item Transaction",
        "ar": "إضافة صنف"
    },
    {
        "name": "item_transaction_new",
        "en": "New Item Transaction",
        "ar": "صنف جديدة"
    },
    {
        "name": "transaction_status",
        "en": "Transaction Status",
        "ar": "حالة المعاملة"
    },
    {
        "name": "transactions_unpost",
        "en": "Transactions Un Post",
        "ar": "معاملات فك الترحيل"
    },
    {
        "name": "transactions_delete",
        "en": "Transactions Delete",
        "ar": " المعاملات المحذوفة"
    },
    {
        "name": "r_Assembling",
        "en": "Un Post Assembling Item",
        "ar": "فك ترحيل تجميع صنف"
    },
    {
        "name": "d_Assembling",
        "en": "Delete Assembling Item",
        "ar": "حذف تجميع صنف"
    },
    {
        "name": "r_Dismantling",
        "en": "Un Post Dismantling Item",
        "ar": "فك ترحيل تفكيك صنف"
    },
    {
        "name": "d_Dismantling",
        "en": "Delete Dismantling Item",
        "ar": "حذف تفكيك صنف"
    },
    {
        "name": "item_transaction_delete",
        "en": "Delete Item Transaction",
        "ar": "حذف صنف"
    },
    {
        "name": "item_transaction_edit",
        "en": "Edit Item Transaction",
        "ar": "تعديل صنف"
    },
    {
        "name": "item_transaction_details",
        "en": "Item Transaction Details",
        "ar": "تفاصيل صنف"
    },
    {
        "name": "item_transaction_name",
        "en": "Item Transaction Name",
        "ar": "إسم الصنف"
    },
    {
        "name": "item_transaction_img",
        "en": "Item Transaction Image",
        "ar": "ملفات الصنف"
    },
    {
        "name": "item_transaction_factory_code",
        "en": "Factory Code",
        "ar": "كود المصنع"
    },
    {
        "name": "item_transaction_factory_name",
        "en": "Factory Name",
        "ar": "إسم المصنع"
    },
    {
        "name": "item_transaction_vendor_code",
        "en": "vendor Code",
        "ar": "كود المورد"
    },
    {
        "name": "item_transaction_vendor_name",
        "en": "vendor Name",
        "ar": "إسم المورد"
    },
    {
        "name": "item_transaction_store",
        "en": "Store",
        "ar": "المخزن"
    },
    {
        "name": "item_transaction_section",
        "en": "Section",
        "ar": "القسم"
    },
    {
        "name": "unpost_purchase_invoice",
        "en": "UnPost Purchase Invoice",
        "ar": "فك ترحيل إذن وارد"
    },
    {
        "name": "unpost_sales_invoice",
        "en": "UnPost Sales Invoice",
        "ar": "فك ترحيل إذن منصرف"
    },
    {
        "name": "delete_purchase_invoice",
        "en": "Delete Purchase Invoice",
        "ar": "حذف إذن وارد"
    },
    {
        "name": "delete_sales_invoice",
        "en": "Delete Sales Invoice",
        "ar": "حذف إذن منصرف"
    },
    {
        "name": "item_transaction_size",
        "en": "Size",
        "ar": "المقاس"
    },
    {
        "name": "item_transaction_sizes",
        "en": "Sizes",
        "ar": "ارقام قطع الغيار"
    },
    {
        "name": "item_transaction_add_size",
        "en": "Add Size",
        "ar": "إضافة قطعة"
    },
    {
        "name": "item_transaction_cost",
        "en": "Cost",
        "ar": "التكلفة"
    },
    {
        "name": "item_transaction_price",
        "en": "Price",
        "ar": "السعر"
    },
    {
        "name": "item_transaction_last_price",
        "en": "Last Price",
        "ar": "السعر السابق"
    },
    {
        "name": "item_transaction_with_discount",
        "en": "With Discount",
        "ar": "بخصم"
    },
    {
        "name": "item_transaction_category",
        "en": "Item Transaction",
        "ar": "مجموعة الصنف"
    },
    {
        "name": "item_transaction_Category_code",
        "en": "Item Transaction Code",
        "ar": "كود المجموعة"
    },
    {
        "name": "categories_size",
        "en": "Sizes",
        "ar": "المقاس"
    },
    {
        "name": "categories_cost",
        "en": "Cost",
        "ar": "التكلفة"
    },
    {
        "name": "categories_price",
        "en": "Price",
        "ar": "السعر"
    },
    {
        "name": "no_items",
        "en": "No Items",
        "ar": "لاتوجد مقاسات"
    },
    {
        "name": "item_transaction",
        "en": "Items Transaction",
        "ar": "كارتة الأصناف"
    },
    {
        "name": "inventory_item_transaction",
        "en": "Items Transaction",
        "ar": "كارتة الأصناف"
    },
    {
        "name": "item_transaction_with_discount_yes",
        "en": "Yes",
        "ar": "نعم"
    },
    {
        "name": "item_transaction_with_discount_no",
        "en": "No",
        "ar": "لا"
    },
    {
        "name": "categories_search",
        "en": "Search",
        "ar": "بحث"
    },
    {
        "name": "categories_empty_search",
        "en": "Empty Search",
        "ar": "تفريغ الحقول"
    },
    {
        "name": "item_transaction_search_all",
        "en": "Search All",
        "ar": "بحث شامل"
    },
    {
        "name": "item_transaction_count",
        "en": "Result Count",
        "ar": "العدد"
    },
    {
        "name": "item_transaction_in",
        "en": "IN",
        "ar": "الوارد"
    },
    {
        "name": "item_transaction_out",
        "en": "OUT",
        "ar": "المنصرف"
    },
    {
        "name": "balance",
        "en": "Balance",
        "ar": "الرصيد"
    },
    {
        "name": "item_transaction_last_count",
        "en": "Last Count",
        "ar": "العدد السابق"
    },
    {
        "name": "item_transaction_balance_Gt",
        "en": "Balance Greater Thans",
        "ar": "الرصيد اكبر من "
    },
    {
        "name": "item_transaction_balance_Lt",
        "en": "Balance Lower Thans",
        "ar": "الرصيد اقل من "
    },
    {
        "name": "item_transaction_current_status_1",
        "ar": "عهدة مع الفنى",
        "en": "Debt "
    },
    {
        "name": "item_transaction_current_status_2",
        "ar": "مستبدلة",
        "en": "Replaced "
    },
    {
        "name": "item_transaction_current_status_3",
        "ar": "تالف",
        "en": "Damaged "
    },
    {
        "name": "item_transaction_current_status_4",
        "ar": "إذن صرف / مبيعات ",
        "en": "storeout "
    },
    {
        "name": "item_transaction_current_status_5",
        "ar": "محولة ",
        "en": "transferred "
    },
    {
        "name": "item_transaction_current_status_6",
        "ar": "إذن وارد  ",
        "en": "storein"
    },
    {
        "name": "item_transaction_current_status_assemble",
        "ar": "تجميع صنف",
        "en": "Assimble Item"
    },
    {
        "name": "item_transaction_current_status_dismantle",
        "ar": "تفكيك صنف",
        "en": "Dismantle Item"
    },
    {
        "name": "item_transaction_previous_count",
        "ar": "  الرصيد السابق ",
        "en": "Previous Count"
    },
    {
        "name": "item_transaction_status",
        "ar": "الحالة  ",
        "en": "status "
    },
    {
        "name": "order_screen",
        "ar": "شاشة الطلبات",
        "en": "Order Screen"
    },
    {
        "name": "item_transaction_store_out_number",
        "ar": "رقم الأذن  ",
        "en": "store number "
    },
    {
        "name": "item_transaction_ticket_code",
        "ar": "رقم الطلب  ",
        "en": "ticket number "
    },
    {
        "name": "item_transaction_type",
        "en": "transactions Type",
        "ar": "نوع العمليةٍ"
    },
    {
        "name": "item_transaction_type_in",
        "en": "Items transactions In",
        "ar": "إذن إضافة"
    },
    {
        "name": "item_transaction_type_out",
        "en": "Items transactions Out",
        "ar": "إذن صرف / فاتورة بيع"
    },
    {
        "name": "item_transaction_eng",
        "en": "Eng ",
        "ar": "  الفنى "
    },
    {
        "name": "item_transaction_total",
        "en": "Total",
        "ar": "الاجمالي"
    },
    {
        "name": "item_transaction_logo",
        "en": "Logo",
        "ar": "الشعار"
    },
    {
        "name": "item_transaction_img",
        "en": "Category Image",
        "ar": "الملفات"
    }
]