[
    { "module_name" : "accounting" , "screen_name" : "accounting-discount-types" , "name":"discount_types_manage" , "en":"Manage" , "ar":"إدارة"},
    { "module_name" : "accounting" , "screen_name" : "accounting-discount-types" , "name":"discount_types_add" , "en":"Add" , "ar":"إضافة"},
    { "module_name" : "accounting" , "screen_name" : "accounting-discount-types" , "name":"discount_types_update" , "en":"Edit" , "ar":"تعديل"},
    { "module_name" : "accounting" , "screen_name" : "accounting-discount-types" , "name":"discount_types_delete" , "en":"Delete" , "ar":"حذف"},
    { "module_name" : "accounting" , "screen_name" : "accounting-discount-types" , "name":"discount_types_view" , "en":"View" , "ar":"عرض"},
    { "module_name" : "accounting" , "screen_name" : "accounting-discount-types" , "name":"discount_types_search" , "en":"Search" , "ar":"بحث"},
    { "module_name" : "accounting" , "screen_name" : "accounting-discount-types" , "name":"discount_types_export" , "en":"Export" , "ar":"تصدير"},
    { "module_name" : "accounting" , "screen_name" : "accounting-discount-types" , "name":"discount_types_print" , "en":"Print" , "ar":"طباعة"},
    { "module_name" : "accounting" , "screen_name" : "accounting-discount-types" , "name":"discount_types_ui" , "en":"UI" , "ar":"الواجهة الرسومية"}
]