[
    { "module_name" : "public" , "screen_name" : "libraries" , "name":"libraries_manage" , "en":"Manage" , "ar":"إدارة"},
    { "module_name" : "public" , "screen_name" : "libraries" , "name":"libraries_add" , "en":"Add" , "ar":"إضافة"},
    { "module_name" : "public" , "screen_name" : "libraries" , "name":"libraries_update" , "en":"Edit" , "ar":"تعديل"},
    { "module_name" : "public" , "screen_name" : "libraries" , "name":"libraries_delete" , "en":"Delete" , "ar":"حذف"},
    { "module_name" : "public" , "screen_name" : "libraries" , "name":"libraries_view" , "en":"View" , "ar":"عرض"},
    { "module_name" : "public" , "screen_name" : "libraries" , "name":"libraries_search" , "en":"Search" , "ar":"بحث"},
    { "module_name" : "public" , "screen_name" : "libraries" , "name":"libraries_export" , "en":"Export" , "ar":"تصدير"},
    { "module_name" : "public" , "screen_name" : "libraries" , "name":"libraries_print" , "en":"Print" , "ar":"طباعة"},
    { "module_name" : "public" , "screen_name" : "libraries" , "name":"libraries_ui" , "en":"UI" , "ar":"الواجهة الرسومية"}
]