[
    {
        "name": "report_invoices_add",
        "en": "Add Customer",
        "ar": "إضافة عميل"
    },
    {
        "name": "report_invoices_payments_informations",
        "en": "Report Invoices Vendors Informations",
        "ar": "بيانات تقرير الموردين"
    },
    {
        "name": "report_invoices_payments_name",
        "en": "Report Payments Invoices",
        "ar": "تقرير دفعات فواتير"
    },
    {
        "name": "report_invoices_payments",
        "en": "Report Payments Invoices",
        "ar": "تقرير دفعات فواتير"
    },
    {
        "name": "report_invoices_payments_menus",
        "en": "Report Invoices Menu",
        "ar": "قائمة تقرير فاتورة"
    },
    {
        "name": "invoices_code",
        "en": "Report Invoices Code",
        "ar": "كود الفاتورة"
    },
    {
        "name": "net_total_return",
        "en": "Net Total Return",
        "ar": "صافي إجمالي المرتجعات"
    },
    {
        "name": "total_net_values",
        "en": "Total Net Values",
        "ar": "إجمالي القيم المطلوبة"
    },
    {
        "name": "total_items_price",
        "en": "Total Items Price",
        "ar": "مجموع سعر الأصناف"
    },
    {
        "name": "total_vendor_service_price",
        "en": "Total Delegate Service Price",
        "ar": "إجمالي سعر خدمة التوصيل"
    },
    {
        "name": "report_invoices_name",
        "en": "Report Invoices Name",
        "ar": "تقرير الفواتير"
    },
    {
        "name": "source_type",
        "en": "Source Type",
        "ar": "نوع المصدر"
    },
    {
        "name": "order_invoices_type",
        "en": "Order Invoices Type",
        "ar": "نوع أمر الفاتورة"
    },
    {
        "name": "order_sale",
        "en": "Order Sale",
        "ar": "أمر بيع"
    },
    {
        "name": "payable",
        "en": "Payable",
        "ar": "مستحق الدفع"
    },
    {
        "name": "invoice_type",
        "en": "Invoice Type",
        "ar": "نوع الفاتورة"
    },
    {
        "name": "detailes_amounts_paid",
        "en": "Detailes Amounts Paid",
        "ar": "تفاصيل المدفوعات"
    }

]