[
    { "module_name" : "report" , "screen_name" : "report-sales-total" , "name":"report_sales_total_manage" , "en":"Manage" , "ar":"إدارة"},
    { "module_name" : "report" , "screen_name" : "report-sales-total" , "name":"report_sales_total_search" , "en":"Search" , "ar":"بحث"},
    { "module_name" : "report" , "screen_name" : "report-sales-total" , "name":"report_sales_total_average" , "en":"Average Cost" , "ar":"متوسط التكلفة"},
    { "module_name" : "report" , "screen_name" : "report-sales-total" , "name":"report_sales_total_search" , "en":"Search" , "ar":"بحث"},
    { "module_name" : "report" , "screen_name" : "report-sales-total" , "name":"report_sales_total_export" , "en":"Export" , "ar":"تصدير"},
    { "module_name" : "report" , "screen_name" : "report-sales-total" , "name":"report_sales_total_print" , "en":"Print" , "ar":"طباعة"},
    { "module_name" : "report" , "screen_name" : "report-sales-total" , "name":"report_sales_total_ui" , "en":"UI" , "ar":"الواجهة الرسومية"}
]