[
    { "module_name" : "report" , "screen_name" : "report-value-added" , "name":"report_value_added_manage" , "en":"Manage" , "ar":"إدارة"},
    { "module_name" : "report" , "screen_name" : "report-value-added" , "name":"report_value_added_search" , "en":"Search" , "ar":"بحث"},
    { "module_name" : "report" , "screen_name" : "report-value-added" , "name":"report_value_added_export" , "en":"Export" , "ar":"تصدير"},
    { "module_name" : "report" , "screen_name" : "report-value-added" , "name":"report_value_added_print" , "en":"Print" , "ar":"طباعة"},
    { "module_name" : "report" , "screen_name" : "report-value-added" , "name":"report_value_added_ui" , "en":"UI" , "ar":"الواجهة الرسومية"}
]