[
    {
        "name": "report_value_added_add",
        "en": "Add Customer",
        "ar": "إضافة عميل"
    },
    {
        "name": "report_value_added_informations",
        "en": "Report Safes Informations",
        "ar": "بيانات تقرير فاتورة"
    },
    {
        "name": "report_value_added_name",
        "en": "Report Value Added",
        "ar": "تقرير القيمة المضافة"
    },
    {
        "name": "report_value_added",
        "en": "Report Value Added",
        "ar": "تقرير القيمة المضافة"
    },
    {
        "name": "report_value_added_menus",
        "en": "Report Safes Menu",
        "ar": "قائمة تقرير فاتورة"
    },
    {
        "name": "invoices_code",
        "en": "Report Safes Code",
        "ar": "كود الفاتورة"
    },
    {
        "name": "total_items_price",
        "en": "Total Items Price",
        "ar": "مجموع سعر الأصناف"
    },
    {
        "name": "source_type",
        "en": "Source Type",
        "ar": "نوع المصدر"
    },
    {
        "name": "order_invoices_type",
        "en": "Order Safes Type",
        "ar": "نوع أمر الفاتورة"
    },
    {
        "name": "order_sale",
        "en": "Order Sale",
        "ar": "أمر بيع"
    },
    {
        "name": "payable",
        "en": "Payable",
        "ar": "مستحق الدفع"
    },
    {
        "name": "invoice_type",
        "en": "Invoice Type",
        "ar": "نوع الفاتورة"
    },
    {
        "name": "payment",
        "en": "Payment",
        "ar": "تسديد"
    },
    {
        "name": "remain_amount",
        "en": "Remain Amount",
        "ar": "المبلغ المتبقي"
    },
    {
        "name": "detailes_amounts_paid",
        "en": "Detailes Amounts Paid",
        "ar": "تفاصيل المدفوعات"
    },
    {
        "name": "accept",
        "en": "Accept",
        "ar": "تأكيد"
    },
    {
        "name": "services",
        "en": "Services",
        "ar": "الخدمات"
    },
    {
        "name": "date_from",
        "en": "Date From",
        "ar": "تاريخ من"
    },
    {
        "name": "date_to",
        "en": "Date To",
        "ar": "تاريخ إلى"
    },
    {
        "name": "err_paid_up",
        "en": "Must Enter Paid",
        "ar": "يجب إدخال مبلغ "
    },
    {
        "name": "paid_up",
        "en": "Paid Up",
        "ar": "المدفوع"
    },
    {
        "name": "err_total_tax",
        "en": "Total Taxes Greater Than Required",
        "ar": "مجموع الضرائب أكبر من المطلوب"
    },
    {
        "name": "err_total_discount",
        "en": "Total Discount Greater Than Required",
        "ar": "مجموع الخصومات أكبر من المطلوب"
    },
    {
        "name": "err_service",
        "en": "Service/Activity Greater Than Required",
        "ar": "مبلغ الخدمة/النشاط أكبر من المطلوب"
    },
    {
        "name": "err_net_value",
        "en": "Net Value Greater Than Required",
        "ar": "صافي المبلغ أكبر من المطلوب"
    },
    {
        "name": "err_price_delivery_service",
        "en": "Price Delivery Service Greater Than Required",
        "ar": "مبلغ خدمة التوصيل أكبر من المطلوب"
    },
    {
        "name": "report_value_added_new",
        "en": "New Report Safes",
        "ar": "تقرير فاتورة جديدة"
    },
    {
        "name": "report_value_added_details",
        "en": "Report Safes Details",
        "ar": "تفاصيل تقرير فاتورة"
    },
    {
        "name": "report_value_added_update",
        "en": "Edit Report Safes",
        "ar": "تعديل تقرير فاتورة"
    },
    {
        "name": "report_value_added_delete",
        "en": "Delte Report Safes",
        "ar": "حذف تقرير فاتورة"
    },
    {
        "name": "report_value_added_total_required",
        "en": "Total Required",
        "ar": "إجمالي المطلوب"
    },
    {
        "name": "total_outgoing",
        "en": "Total Paid Outgoing",
        "ar": "إجمالي الصرف "
    },
    {
        "name": "total_incoming",
        "en": "Total Paid Incoming",
        "ar": "إجمالي القبض "
    },
    {
        "name": "total_outgoing_comm",
        "en": "Total commission Outgoing",
        "ar": "إجمالي عمولة الصرف "
    },
    {
        "name": "total_incoming_comm",
        "en": "Total commission Incoming",
        "ar": "إجمالي عمولة القبض "
    },
    {
        "name": "total_incoming_value",
        "en": "Total Incoming Value",
        "ar": "إجمالي القيمة الواردة "
    },
    {
        "name": "total_outgoing_value",
        "en": "Total Outgoing Value",
        "ar": "إجمالي القيمة المنصرفة "
    },
    {
        "name": "total_remain",
        "en": "Total Remain",
        "ar": "إجمالي الباقي"
    },
    {
        "name": "report_value_added_add_name",
        "en": "Add Report Safes",
        "ar": "إضافة تقرير فاتورة"
    }
]