[
    { "module_name" : "accounting" , "screen_name" : "accounting-in-out-names" , "name":"in_out_names_manage" , "en":"Manage" , "ar":"إدارة"},
    { "module_name" : "accounting" , "screen_name" : "accounting-in-out-names" , "name":"in_out_names_add" , "en":"Add" , "ar":"إضافة"},
    { "module_name" : "accounting" , "screen_name" : "accounting-in-out-names" , "name":"in_out_names_update" , "en":"Edit" , "ar":"تعديل"},
    { "module_name" : "accounting" , "screen_name" : "accounting-in-out-names" , "name":"in_out_names_delete" , "en":"Delete" , "ar":"حذف"},
    { "module_name" : "accounting" , "screen_name" : "accounting-in-out-names" , "name":"in_out_names_view" , "en":"View" , "ar":"عرض"},
    { "module_name" : "accounting" , "screen_name" : "accounting-in-out-names" , "name":"in_out_names_search" , "en":"Search" , "ar":"بحث"},
    { "module_name" : "accounting" , "screen_name" : "accounting-in-out-names" , "name":"in_out_names_export" , "en":"Export" , "ar":"تصدير"},
    { "module_name" : "accounting" , "screen_name" : "accounting-in-out-names" , "name":"in_out_names_print" , "en":"Print" , "ar":"طباعة"},
    { "module_name" : "accounting" , "screen_name" : "accounting-in-out-names" , "name":"in_out_names_ui" , "en":"Ui" , "ar":"الواجهة الرسومية"}
]