[
    { "name": "in_out_name","en": "Names In & Out", "ar": "مسميات الوارد و المنصرف"},
    { "name": "accounting_in_out_names","en": "Names In & Out", "ar": "مسميات الوارد و المنصرف"},
    { "name": "in_out_name_add","en": "Add Amount", "ar": "إضافة مسمي"},
    { "name": "in_out_name_new","en": "New Amount", "ar": "تسجيل مسمي جديد"},
    { "name": "in_out_name_details","en": "Amount  Details", "ar": "تفاصيل مسمي"},
    { "name": "in_out_name_edit","en": "Edit Amount", "ar": "تعديل مسمي"},
    { "name": "in_out_name_delete","en": "Delete Amount", "ar": "حذف مسمي"},
    { "name": "in_out_name_from","en": "From", "ar": "من"},
    { "name": "in_out_name_to","en": "To", "ar": "الي"},
    { "name": "in_out_name_in","en": "In", "ar": "وارد"},
    { "name": "in_out_name_out","en": "Out", "ar": "منصرف"},
    { "name": "in_out_name_name","en": "Name", "ar": "المسمي"},
    { "name": "error_select","en": "Should Select Type", "ar": "يجب إختيار النوع وارد أو منصرف"},
    { "name": "yes","en": "Yes", "ar": "نعم"},
   
    { "name": "in_out_name_logo","en": "Logo", "ar": "الشعار"},

    { "name": "in_out_name_img","en": "Image", "ar": "الملفات"}


]