[
    { "module_name" : "report" , "screen_name" : "report-requests" , "name":"report_requests_manage" , "en":"Manage" , "ar":"إدارة"},
    { "module_name" : "report" , "screen_name" : "report-requests" , "name":"report_requests_add" , "en":"Add" , "ar":"إضافة"},
    { "module_name" : "report" , "screen_name" : "report-requests" , "name":"report_requests_edit" , "en":"Edit" , "ar":"تعديل"},
    { "module_name" : "report" , "screen_name" : "report-requests" , "name":"report_requests_delete" , "en":"Delete" , "ar":"حذف"},
    { "module_name" : "report" , "screen_name" : "report-requests" , "name":"report_requests_view" , "en":"View" , "ar":"عرض"},
    { "module_name" : "report" , "screen_name" : "report-requests" , "name":"report_requests_search" , "en":"Search" , "ar":"بحث"},
    { "module_name" : "report" , "screen_name" : "report-requests" , "name":"report_requests_export" , "en":"Export" , "ar":"تصدير"},
    { "module_name" : "report" , "screen_name" : "report-requests" , "name":"report_requests_print" , "en":"Print" , "ar":"طباعة"},
    { "module_name" : "report" , "screen_name" : "report-requests" , "name":"report_requests_ui" , "en":"UI" , "ar":"الواجهة الرسومية"}
]