[
    {
        "name": "report_requests_add",
        "en": "Add Customer",
        "ar": "إضافة عميل"
    },
    {
        "name": "report_requests_informations",
        "en": "Report Invoices Informations",
        "ar": "بيانات تقرير فاتورة"
    },
    {
        "name": "report_requests_name",
        "en": "Report Activities Requests",
        "ar": "تقرير طلبات الخدمات/ الأنشطة"
    },
    {
        "name": "report_requests",
        "en": "Report Activities Requests",
        "ar": "تقرير طلبات الخدمات/ الأنشطة"
    },
    {
        "name": "report_requests_menus",
        "en": "Report Invoices Menu",
        "ar": "قائمة تقرير فاتورة"
    },
    {
        "name": "total_items_price",
        "en": "Total Items Price",
        "ar": "مجموع سعر الأصناف"
    },
    {
        "name": "source_type",
        "en": "Source Type",
        "ar": "نوع المصدر"
    },
    {
        "name": "order_requests_type",
        "en": "Order Invoices Type",
        "ar": "نوع أمر الفاتورة"
    },
    {
        "name": "order_sale",
        "en": "Order Sale",
        "ar": "أمر بيع"
    },
    {
        "name": "payable",
        "en": "Payable",
        "ar": "مستحق الدفع"
    },
    {
        "name": "request_type",
        "en": "Invoice Type",
        "ar": "نوع الفاتورة"
    },

    {
        "name": "payment",
        "en": "Payment",
        "ar": "تسديد"
    },
    {
        "name": "detailes_amounts_paid",
        "en": "Detailes Amounts Paid",
        "ar": "تفاصيل المدفوعات"
    },
    {
        "name": "accept",
        "en": "Accept",
        "ar": "تأكيد"
    },
    {
        "name": "requests",
        "en": "Activities",
        "ar": "الخدمات"
    },
    {
        "name": "date_from",
        "en": "Date From",
        "ar": "تاريخ من"
    },
    {
        "name": "date_to",
        "en": "Date To",
        "ar": "تاريخ إلى"
    },
    {
        "name": "err_paid_up",
        "en": "Must Enter Paid",
        "ar": "يجب إدخال مبلغ "
    },
   
    {
        "name": "paid_up",
        "en": "Paid Up",
        "ar": "المدفوع"
    },
    {
        "name": "err_total_tax",
        "en": "Total Taxes Greater Than Required",
        "ar": "مجموع الضرائب أكبر من المطلوب"
    },
    {
        "name": "err_total_discount",
        "en": "Total Discount Greater Than Required",
        "ar": "مجموع الخصومات أكبر من المطلوب"
    },
    {
        "name": "err_request",
        "en": "Service Greater Than Required",
        "ar": "مبلغ الخدمة أكبر من المطلوب"
    },
    {
        "name": "err_net_value",
        "en": "Net Value Greater Than Required",
        "ar": "صافي المبلغ أكبر من المطلوب"
    },
    {
        "name": "err_price_delivery_request",
        "en": "Price Delivery Service Greater Than Required",
        "ar": "مبلغ خدمة التوصيل أكبر من المطلوب"
    },
    {
        "name": "report_requests_new",
        "en": "New Report Invoices",
        "ar": "تقرير فاتورة جديدة"
    },
    {
        "name": "report_requests_details",
        "en": "Report Invoices Details",
        "ar": "تفاصيل تقرير فاتورة"
    },
    {
        "name": "report_requests_update",
        "en": "Edit Report Invoices",
        "ar": "تعديل تقرير فاتورة"
    },
    {
        "name": "report_requests_delete",
        "en": "Delte Report Invoices",
        "ar": "حذف تقرير فاتورة"
    },
    {
        "name": "report_requests_total_required",
        "en": "Total Required",
        "ar": "إجمالي المطلوب"
    },
    {
        "name": "total_paid_up",
        "en": "Total Rest",
        "ar": "إجمالي المدفوع"
    },
  
    {
        "name": "total_remain",
        "en": "Total Remain",
        "ar": "إجمالي الباقي"
    },
    {
        "name": "report_requests_add_name",
        "en": "Add Report Invoices",
        "ar": "إضافة تقرير فاتورة"
    }
]