[
    { "module_name" : "report" , "screen_name" : "hr-employees-salary-report" , "name":"employees_salary_report_manage" , "en":"Manage" , "ar":"إدارة"},
    { "module_name" : "report" , "screen_name" : "hr-employees-salary-report" , "name":"employees_salary_report_add" , "en":"Add" , "ar":"إضافة"},
    { "module_name" : "report" , "screen_name" : "hr-employees-salary-report" , "name":"employees_salary_report_update" , "en":"Edit" , "ar":"تعديل"},
    { "module_name" : "report" , "screen_name" : "hr-employees-salary-report" , "name":"employees_salary_report_delete" , "en":"Delete" , "ar":"حذف"},
    { "module_name" : "report" , "screen_name" : "hr-employees-salary-report" , "name":"employees_salary_report_view" , "en":"View" , "ar":"عرض"},
    { "module_name" : "report" , "screen_name" : "hr-employees-salary-report" , "name":"employees_salary_report_search" , "en":"Search" , "ar":"بحث"},
    { "module_name" : "report" , "screen_name" : "hr-employees-salary-report" , "name":"employees_salary_report_export" , "en":"Export" , "ar":"تصدير"},
    { "module_name" : "report" , "screen_name" : "hr-employees-salary-report" , "name":"employees_salary_report_print" , "en":"Print" , "ar":"طباعة"},
    { "module_name" : "report" , "screen_name" : "hr-employees-salary-report" , "name":"employees_salary_report_ui" , "en":"Ui" , "ar":"الواجهة الرسومية"}
]