[
    { "module_name" : "report" , "screen_name" : "report-exams" , "name":"report_exams_manage" , "en":"Manage" , "ar":"إدارة"},
    { "module_name" : "report" , "screen_name" : "report-exams" , "name":"report_exams_search" , "en":"Search" , "ar":"بحث"},
    { "module_name" : "report" , "screen_name" : "report-exams" , "name":"report_exams_export" , "en":"Export" , "ar":"تصدير"},
    { "module_name" : "report" , "screen_name" : "report-exams" , "name":"report_exams_print" , "en":"Print" , "ar":"طباعة"},
    { "module_name" : "report" , "screen_name" : "report-exams" , "name":"report_exams_ui" , "en":"UI" , "ar":"الواجهة الرسومية"}
]  