[
    {"name" : "school_grades_informations" , "en" : "School Grades Informations" , "ar" : "بيانات المراحل الدراسية"},

    {"name" : "school_grade" , "en" : "School Grade" , "ar" : "المرحلة الدراسية"},
    {"name" : "school_grades" , "en" : "School Grades" , "ar" : "المراحل الدراسية"},
    {"name" : "school_grades_menus" , "en" : "School Grades Menu" , "ar" : "قائمة المراحل الدراسية"},
    {"name" : "school_grades_code" , "en" : "School Grades Code" , "ar" : "كود المرحلة الدراسية"},
    {"name" : "school_grades_name" , "en" : "School Grades Name" , "ar" : "إسم المرحلة الدراسية"},

    {"name" : "school_grades_new" , "en" : "New School Grade" , "ar" : "مرحلة دراسية جديدة"},
    {"name" : "school_grades_details" , "en" : "School Grades Details" , "ar" : "تفاصيل المرحلة الدراسية"},
    {"name" : "school_grades_update" , "en" : "Edit School Grades" , "ar" : "تعديل المرحلة الدراسية"},
    {"name" : "school_grades_delete" , "en" : "Delte School Grades" , "ar" : "حذف المرحلة الدراسية"},
    {"name" : "school_grades_add_name" , "en" : "Add School Grades" , "ar" : "إضافة مرحلة الدراسية"}


    
    
]