[
    { "module_name" : "report" , "screen_name" : "report-payable-customers" , "name":"report_payable_customers_manage" , "en":"Manage" , "ar":"إدارة"},
    { "module_name" : "report" , "screen_name" : "report-payable-customers" , "name":"report_payable_customers_search" , "en":"Search" , "ar":"بحث"},
    { "module_name" : "report" , "screen_name" : "report-payable-customers" , "name":"report_payable_customers_export" , "en":"Export" , "ar":"تصدير"},
    { "module_name" : "report" , "screen_name" : "report-payable-customers" , "name":"report_payable_customers_print" , "en":"Print" , "ar":"طباعة"},
    { "module_name" : "report" , "screen_name" : "report-payable-customers" , "name":"report_payable_customers_ui" , "en":"UI" , "ar":"الواجهة الرسومية"}
]