[
    { "module_name" : "public" , "screen_name" : "book-hall" , "name":"book_hall_manage" , "en":"Manage" , "ar":"إدارة"},
    { "module_name" : "public" , "screen_name" : "book-hall" , "name":"book_hall_add" , "en":"Add" , "ar":"إضافة"},
    { "module_name" : "public" , "screen_name" : "book-hall" , "name":"book_hall_update" , "en":"Edit" , "ar":"تعديل"},
    { "module_name" : "public" , "screen_name" : "book-hall" , "name":"book_hall_delete" , "en":"Delete" , "ar":"حذف"},
    { "module_name" : "public" , "screen_name" : "book-hall" , "name":"book_hall_view" , "en":"View" , "ar":"عرض"},
    { "module_name" : "public" , "screen_name" : "book-hall" , "name":"book_hall_search" , "en":"Search" , "ar":"بحث"},
    { "module_name" : "public" , "screen_name" : "book-hall" , "name":"book_hall_export" , "en":"Export" , "ar":"تصدير"},
    { "module_name" : "public" , "screen_name" : "book-hall" , "name":"book_hall_print" , "en":"Print" , "ar":"طباعة"},
    { "module_name" : "public" , "screen_name" : "book-hall" , "name":"book_hall_ui" , "en":"Ui" , "ar":"الواجهة الرسومية"}
]