[{
    "id": 1,
    "name": "12:00",
    "en": "12:00 am",
    "ar": "12:00 ص"
}, {
    "id": 2,
    "name": "12:30",
    "en": "12:30 am",
    "ar": "12:30 ص"
}, {
    "id": 3,
    "name": "1:00",
    "en": "1:00 am",
    "ar": "1:00 ص"
}, {
    "id": 4,
    "name": "1:30",
    "en": "1:30 am",
    "ar": "1:30 ص"
}, {
    "id": 5,
    "name": "2:00",
    "en": "2:00 am",
    "ar": "2:00 ص"
}, {
    "id": 6,
    "name": "2:30",
    "en": "2:30 am",
    "ar": "2:30 ص"
}, {
    "id": 7,
    "name": "3:00",
    "en": "3:00 am",
    "ar": "3:00 ص"
}, {
    "id": 8,
    "name": "3:30",
    "en": "3:30 am",
    "ar": "3:30 ص"
}, {
    "id": 9,
    "name": "4:00",
    "en": "4:00 am",
    "ar": "4:00 ص"
}, {
    "id": 10,
    "name": "4:30",
    "en": "4:30 am",
    "ar": "4:30 ص"
}, {
    "id": 11,
    "name": "5:00",
    "en": "5:00 am",
    "ar": "5:00 ص"
}, {
    "id": 12,
    "name": "5:30",
    "en": "5:30 am",
    "ar": "5:30 ص"
}, {
    "id": 13,
    "name": "6:00",
    "en": "6:00 am",
    "ar": "6:00 ص"
}, {
    "id": 14,
    "name": "6:30",
    "en": "6:30 am",
    "ar": "6:30 ص"
}, {
    "id": 15,
    "name": "7:00",
    "en": "7:00 am",
    "ar": "7:00 ص"
}, {
    "id": 16,
    "name": "7:30",
    "en": "7:30 am",
    "ar": "7:30 ص"
}, {
    "id": 17,
    "name": "8:00",
    "en": "8:00 am",
    "ar": "8:00 ص"
}, {
    "id": 18,
    "name": "8:30",
    "en": "8:30 am",
    "ar": "8:30 ص"
}, {
    "id": 19,
    "name": "9:00",
    "en": "9:00 am",
    "ar": "9:00 ص"
}, {
    "id": 20,
    "name": "9:30",
    "en": "9:30 am",
    "ar": "9:30 ص"
}, {
    "id": 21,
    "name": "10:00",
    "en": "10:00 am",
    "ar": "10:00 ص"
}, {
    "id": 22,
    "name": "10:30",
    "en": "10:30 am",
    "ar": "10:30 ص"
}, {
    "id": 23,
    "name": "11:00",
    "en": "11:00 am",
    "ar": "11:00 ص"
}, {
    "id": 24,
    "name": "11:30",
    "en": "11:30 am",
    "ar": "11:30 ص"
}, {
    "id": 25,
    "name": "12:00",
    "en": "12:00 pm",
    "ar": "12:00 م"
}, {
    "id": 26,
    "name": "12:30",
    "en": "12:30 pm",
    "ar": "12:30 م"
}, {
    "id": 27,
    "name": "1:00",
    "en": "1:00 pm",
    "ar": "1:00 م"
}, {
    "id": 28,
    "name": "1:30",
    "en": "1:30 pm",
    "ar": "1:30 م"
}, {
    "id": 29,
    "name": "2:00",
    "en": "2:00 pm",
    "ar": "2:00 م"
}, {
    "id": 30,
    "name": "2:30",
    "en": "2:30 pm",
    "ar": "2:30 م"
}, {
    "id": 31,
    "name": "3:00",
    "en": "3:00 pm",
    "ar": "3:00 م"
}, {
    "id": 32,
    "name": "3:30",
    "en": "3:30 pm",
    "ar": "3:30 م"
}
, {
    "id": 33,
    "name": "4:00",
    "en": "4:00 pm",
    "ar": "4:00 م"
}, {
    "id": 34,
    "name": "4:30",
    "en": "4:30 pm",
    "ar": "4:30 م"
}, {
    "id": 35,
    "name": "5:00",
    "en": "5:00 pm",
    "ar": "5:00 م"
}, {
    "id": 36,
    "name": "5:30",
    "en": "5:30 pm",
    "ar": "5:30 م"
}
, {
    "id": 37,
    "name": "6:00",
    "en": "6:00 pm",
    "ar": "6:00 م"
}, {
    "id": 38,
    "name": "6:30",
    "en": "6:30 pm",
    "ar": "6:30 م"
}
, {
    "id": 39,
    "name": "7:00",
    "en": "7:00 pm",
    "ar": "7:00 م"
}, {
    "id": 40,
    "name": "7:30",
    "en": "7:30 pm",
    "ar": "7:30 م"
}, {
    "id": 41,
    "name": "8:00",
    "en": "8:00 pm",
    "ar": "8:00 م"
}, {
    "id": 42,
    "name": "8:30",
    "en": "8:30 pm",
    "ar": "8:30 م"
}, {
    "id": 43,
    "name": "9:00",
    "en": "9:00 pm",
    "ar": "9:00 م"
}, {
    "id": 44,
    "name": "9:30",
    "en": "9:30 pm",
    "ar": "9:30 م"
}, {
    "id": 45,
    "name": "10:00",
    "en": "10:00 pm",
    "ar": "10:00 م"
}, {
    "id": 46,
    "name": "10:30",
    "en": "10:30 pm",
    "ar": "10:30 م"
}, {
    "id": 47,
    "name": "11:00",
    "en": "11:00 pm",
    "ar": "11:00 م"
}, {
    "id": 48,
    "name": "11:30",
    "en": "11:30 pm",
    "ar": "11:30 م"
}
]