[
    { "module_name" : "report" , "screen_name" : "report-transaction-total" , "name":"report_transaction_total_manage" , "en":"Manage" , "ar":"إدارة"},
    { "module_name" : "report" , "screen_name" : "report-transaction-total" , "name":"report_transaction_total_search" , "en":"Search" , "ar":"بحث"},
    { "module_name" : "report" , "screen_name" : "report-transaction-total" , "name":"report_transaction_total_detailed" , "en":"Report Detailed" , "ar":"تقرير إجمالي"},
    { "module_name" : "report" , "screen_name" : "report-transaction-total" , "name":"report_transaction_total_total" , "en":"Report Total" , "ar":"تقرير تفصيلي"},
    { "module_name" : "report" , "screen_name" : "report-transaction-total" , "name":"report_transaction_total_search" , "en":"Search" , "ar":"بحث"},
    { "module_name" : "report" , "screen_name" : "report-transaction-total" , "name":"report_transaction_total_export" , "en":"Export" , "ar":"تصدير"},
    { "module_name" : "report" , "screen_name" : "report-transaction-total" , "name":"report_transaction_total_print" , "en":"Print" , "ar":"طباعة"},
    { "module_name" : "report" , "screen_name" : "report-transaction-total" , "name":"report_transaction_total_ui" , "en":"UI" , "ar":"الواجهة الرسومية"}
]