[
    {
        "name": "brand_title",
        "en": "Smart Code",
        "ar": "سمـارت كـود"
    },
    {
        "name": "brand_tag",
        "en": "Enterprise Resources Planing",
        "ar": "نظام إدارة النادي"
    },
    {
        "name": "menu_customers",
        "en": "Subscribers Menu",
        "ar": "قائمة المشتركين"
    },
    {
        "name": "menu_customers_tag",
        "en": "Add Subscribers",
        "ar": "إضافة مشتركين"
    },
    {
        "name": "customers_groups",
        "en": "Subscribers Group",
        "ar": "مجموعة المشتركين"
    },
    {
        "name": "yes",
        "en": "Yes",
        "ar": "نعم"
    },
    {
        "name": "no",
        "en": "No",
        "ar": "لا"
    },
    {
        "name": "customers_indentfy",
        "en": "Subscriber indentfy",
        "ar": "نوع المشترك"
    },
   
    {
        "name": "customers",
        "en": "Subscribers",
        "ar": "المشتركين"
    },
    {
        "name": "customers_data",
        "en": "Customers Data",
        "ar": "بيانات العميل"
    },
    {
        "name": "customers_new",
        "en": "New Subscriber",
        "ar": "مشترك جديد"
    },
    {
        "name": "customers_add",
        "en": "Add Subscriber",
        "ar": "إضافة مشترك"
    },
    {
        "name": "customers_edit",
        "en": "Subscriber Edit",
        "ar": "تعديل بيانات مشترك"
    },
    {
        "name": "customers_details",
        "en": "Subscriber Details",
        "ar": "تفاصيل مشترك"
    },
    {
        "name": "customers_delete",
        "en": "Delete Subscriber",
        "ar": "حذف مشترك"
    },
    {
        "name": "customers_code",
        "en": "Subscriber Code",
        "ar": "كود المشترك"
    },
    {
        "name": "customers_name_ar",
        "en": "Subscriber Name Arabic",
        "ar": "إسم المشترك بالعربي"
    },
    {
        "name": "customers_name_en",
        "en": "Subscriber Name English",
        "ar": "إسم المشترك بالانجليزية"
    },
    {
        "name": "customer_name",
        "en": "Subscriber Name",
        "ar": "إسم المشترك"
    },
    {
        "name": "customer",
        "en": "Subscriber ",
        "ar": " المشترك"
    },
    {
        "name": "order_slides_add",
        "en": "Add Orders Slide",
        "ar": "إضافة حساب شريحة جلسات"
    },
    {
        "name": "order_slides",
        "en": "Orders Slide",
        "ar": "حساب شريحة جلسات"
    },
    {
        "name": "order_slides_name",
        "en": "Slide Name",
        "ar": "إسم حساب الشريحة"
    },
    {
        "name": "order_slides_from",
        "en": "Slide From",
        "ar": "بداية حساب الشريحة"
    },
    {
        "name": "order_slides_to",
        "en": "Slide To",
        "ar": "نهاية حساب شريحة"
    },
    {
        "name": "order_slides_value",
        "en": "Session Value",
        "ar": "قيمة الجلسة"
    },
    {
        "name": "order_slides_new",
        "en": "New Slide",
        "ar": "حساب شريحة جلسات جديدة "
    },
    {
        "name": "order_slides_logo",
        "en": "Slides Logo",
        "ar": "صورة شريحة الجلسات"
    },
    {
        "name": "order_slides_edit",
        "en": "Edit Slide",
        "ar": "تعديل بيانات شريحة الجلسات"
    },
    {
        "name": "order_slides_details",
        "en": "Slide Details",
        "ar": " تفاصيل شريحة الجلسات"
    },
    {
        "name": "order_slides_delete",
        "en": "Delete Slide",
        "ar": "حذف حساب شريحة الجلسات"
    },
    {
        "name": "order_slides_img",
        "en": "Sessions Slides Image",
        "ar": "ملفات شريحة الجلسات"
    },
    {
        "name": "companies",
        "en": "Clubs",
        "ar": "النادي"
    },
    {
        "name": "companies_add",
        "en": "Add club",
        "ar": "إضافة نادي"
    },
    {
        "name": "companies_edit",
        "en": "Edit club",
        "ar": "تعديل نادي"
    },
    {
        "name": "companies_informations",
        "en": "club Informations",
        "ar": "بيانات النادي"
    },
    {
        "name": "companies_basic_information",
        "en": "Basic Informations",
        "ar": "البيانات الاساسية"
    },
    {
        "name": "companies_contact_information",
        "en": "Contact Informations",
        "ar": "بيانات الاتصال"
    },
    {
        "name": "companies_details",
        "en": "club Details",
        "ar": "تفاصيل النادي"
    },
    {
        "name": "companies_delete",
        "en": "Delete club",
        "ar": "حذف نادي"
    },
    {
        "name": "companies_code",
        "en": "club Code",
        "ar": "كود النادي"
    },
    {
        "name": "companies_phone",
        "en": "Phone",
        "ar": "التليفون"
    },
    {
        "name": "companies_mobile",
        "en": "Mobile",
        "ar": "الجوال"
    },
    {
        "name": "companies_activity",
        "en": "Activity",
        "ar": "النشاط"
    },
    {
        "name": "companies_branches_informations",
        "en": "Branches Informations",
        "ar": "بيانات الفروع"
    },
    {
        "name": "companies_branch",
        "en": "Branch",
        "ar": "الفرع"
    },
    {
        "name": "companies_branch_information",
        "en": "Branch Information",
        "ar": "بيانات الفرع"
    },
    {
        "name": "companies_contact_charge",
        "en": "Charge Information",
        "ar": "بيانات المسئول"
    },
    {
        "name": "companies_branch_code",
        "en": "Branch Code",
        "ar": "كود الفرع"
    },
    {
        "name": "companies_branch_name",
        "en": "Branch Name",
        "ar": "إسم الفرع"
    },
    {
        "name": "companies_branch_name_ar",
        "en": "Branch Name Arabic",
        "ar": "إسم الفرع بالعربى"
    },
    {
        "name": "companies_branch_name_en",
        "en": "Branch Name English",
        "ar": "إسم الفرع بالانجليزى"
    },
    {
        "name": "companies_branch_notes",
        "en": "Branch Notes",
        "ar": "ملاحظات الفرع"
    },
    {
        "name": "companies_charge_name",
        "en": "Charge Name",
        "ar": "إسم المسئول"
    },
    {
        "name": "companies_charge_job",
        "en": "Charge Job",
        "ar": "الوظيفة"
    },
    {
        "name": "companies_internal_number",
        "en": "Internal Number",
        "ar": "الرقم الداخلي"
    },
    {
        "name": "companies_banking_informations",
        "en": "Banking Informations",
        "ar": "البنوك"
    },
    {
        "name": "companies_bank_information",
        "en": "Bank Information",
        "ar": "بيانات البنك"
    },
    {
        "name": "companies_bank_name",
        "en": "Bank Name",
        "ar": "إسم البنك"
    },
    {
        "name": "companies_bank_account_number",
        "en": "Bank Account Number",
        "ar": "رقم الحساب"
    },
    {
        "name": "companies_filter_with_date",
        "en": "Filter With Date",
        "ar": "تصفية البيانات بالتاريخ"
    },
    {
        "name": "companies_calender_type",
        "en": "Calender Type",
        "ar": "نوع التقويم"
    },
    {
        "name": "companies_gegorian",
        "en": "Gregorian",
        "ar": "ميلادي"
    },
    {
        "name": "companies_hijri",
        "en": "Hijri",
        "ar": "هجري"
    },
    {
        "name": "companies_date",
        "en": "Date",
        "ar": "التاريخ"
    },
    {
        "name": "companies_gov",
        "en": "Gov",
        "ar": "المحافظة"
    },
    {
        "name": "companies_city",
        "en": "City",
        "ar": "المدينة"
    },
    {
        "name": "companies_email",
        "en": "Email",
        "ar": "البريد الالكتروني"
    },
    {
        "name": "companies_fax",
        "en": "Fax",
        "ar": "الفاكس"
    },
    {
        "name": "companies_name_ar",
        "en": "club Name Arabic",
        "ar": "إسم النادي"
    },
    {
        "name": "companies_name_en",
        "en": "club Name English",
        "ar": "إسم النادي بالانجليزية"
    },
    {
        "name": "companies_excahange_price",
        "en": "Exchange Price",
        "ar": "سعر الصرف"
    },
    {
        "name": "companies_club_swift_code",
        "en": "Swift Code",
        "ar": "رقم السويفت"
    },
    {
        "name": "companies_new",
        "en": "New club",
        "ar": "نادي جديد"
    },
    {
        "name": "companies_country",
        "en": "Coutntry",
        "ar": "الدولة"
    },
    {
        "name": "companies_address",
        "en": "Address",
        "ar": "العنوان"
    },
    {
        "name": "companies_customer_service",
        "en": "Customer Services",
        "ar": "خدمة العملاء"
    },
    {
        "name": "order_slides_add",
        "en": "Add Sessions Slide",
        "ar": "إضافة شريحة جلسات"
    },
    {
        "name": "order_slide",
        "en": "Sessions Slide",
        "ar": " شريحة الجلسات"
    },
    {
        "name": "order_slides",
        "en": "Sessions Slides",
        "ar": " شرائح الجلسات"
    },
    {
        "name": "order_slides_img",
        "en": "Sessions Slides Image",
        "ar": "ملفات شريحة الجلسات"
    },
    {
        "name": "order_slides_value",
        "en": "Session Value",
        "ar": "قيمة الجلسة"
    }
]