[
    { "module_name" : "public", "screen_name" : "class-schedule" , "name":"class_schedule_manage" , "en":"Manage" , "ar":"إدارة"},
    { "module_name" : "public", "screen_name" : "class-schedule" , "name":"class_schedule_add" , "en":"Add" , "ar":"إضافة"},
    { "module_name" : "public", "screen_name" : "class-schedule" , "name":"class_schedule_edit" , "en":"Edit" , "ar":"تعديل"},
    { "module_name" : "public", "screen_name" : "class-schedule" , "name":"class_schedule_delete" , "en":"Delete" , "ar":"حذف"},
    { "module_name" : "public", "screen_name" : "class-schedule" , "name":"class_schedule_view" , "en":"View" , "ar":"عرض"},
    { "module_name" : "public", "screen_name" : "class-schedule" , "name":"class_schedule_search" , "en":"Search" , "ar":"بحث"},
    { "module_name" : "public", "screen_name" : "class-schedule" , "name":"class_schedule_export" , "en":"Export" , "ar":"تصدير"},
    { "module_name" : "public", "screen_name" : "class-schedule" , "name":"class_schedule_print" , "en":"Print" , "ar":"طباعة"},
    { "module_name" : "public", "screen_name" : "class-schedule" , "name":"class_schedule_ui" , "en":"UI" , "ar":"الواجهة الرسومية"}

]