[
    {"name" : "class_schedule_informations" , "en" : "Class Schedule Informations" , "ar" : "بيانات جداول الحصص"},

    {"name" : "class_schedules" , "en" : "Class Schedules" , "ar" : "جداول الحصص"},
    {"name" : "class_schedule" , "en" : "Class Schedule" , "ar" : "جدول الحصص"},
    {"name" : "class_number" , "en" : "Class Number" , "ar" : "رقم الحصة"},
    {"name" : "class_schedule_menus" , "en" : "Class Schedule Menu" , "ar" : "قائمة جدول الحصص"},
    {"name" : "class_schedule_code" , "en" : "Class Schedule Code" , "ar" : "كود جدول الحصص"},
    {"name" : "class_schedule_name" , "en" : "Class Schedule Name" , "ar" : "إسم جدول الحصص"},
    {"name" : "create_schedule" , "en" : "Create Schedule" , "ar" : "إنشاء الجدول"},
    {"name" : "workdays" , "en" : "Workdays" , "ar" : "أيام العمل"},
    {"name" : "max_school_class" , "en" : "Max School Class" , "ar" : "الحد الأقصى للحصص"},
    {"name" : "day_school_class" , "en" : "Day / Sch Cla." , "ar" : "اليوم / الحصص"},
    {"name" : "count_school_class" , "en" : "Count School Class" , "ar" : "عدد الحصص"},
    {"name" : "add_class" , "en" : "Add Class" , "ar" : "إضافة حصة"},
    {"name" : "err_class_bigger" , "en" : "The number of Classes cannot be greater than the maximum Classes" , "ar" : "لا يمكن أن يكون عدد الحص أكبر من الحد الأقصى للحصص"},

    {"name" : "saturday" , "en" : "Sat." , "ar" : "السبت"},
    {"name" : "sunday" , "en" : "Sun." , "ar" : "الأحد"},
    {"name" : "monday" , "en" : "Mon." , "ar" : "الإثنين"},
    {"name" : "tuesday" , "en" : "Tues." , "ar" : "الثلاثاء"},
    {"name" : "wednesday" , "en" : "Wed." , "ar" : "الأربعاء"},
    {"name" : "thursday" , "en" : "Thurs." , "ar" : "الخميس"},
    {"name" : "friday" , "en" : "Fri." , "ar" : "الجمعة"},

    {"name" : "class_schedule_new" , "en" : "New Class Schedule" , "ar" : "جدول حصص جديد"},
    {"name" : "class_schedule_details" , "en" : "Class Schedule Details" , "ar" : "تفاصيل جدول الحصص"},
    {"name" : "class_schedule_update" , "en" : "Edit Class Schedule" , "ar" : "تعديل جدول الحصص"},
    {"name" : "class_schedule_delete" , "en" : "Delte Class Schedule" , "ar" : "حذف جدول الحصص"},
    {"name" : "class_schedule_add_name" , "en" : "Add Class Schedule" , "ar" : "إضافة جدول الحصص"}


    
    
]