[
    { "module_name" : "accounting", "screen_name" : "transfer-safes" , "name":"transfer_safes_manage" , "en":"Manage" , "ar":"إدارة"},
    { "module_name" : "accounting", "screen_name" : "transfer-safes" , "name":"transfer_safes_add" , "en":"Add" , "ar":"إضافة"},
    { "module_name" : "accounting", "screen_name" : "transfer-safes" , "name":"transfer_safes_edit" , "en":"Edit" , "ar":"تعديل"},
    { "module_name" : "accounting", "screen_name" : "transfer-safes" , "name":"transfer_safes_delete" , "en":"Delete" , "ar":"حذف"},
    { "module_name" : "accounting", "screen_name" : "transfer-safes" , "name":"transfer_safes_view" , "en":"View" , "ar":"عرض"},
    { "module_name" : "accounting", "screen_name" : "transfer-safes" , "name":"transfer_safes_search" , "en":"Search" , "ar":"بحث"},
    { "module_name" : "accounting", "screen_name" : "transfer-safes" , "name":"transfer_safes_export" , "en":"Export" , "ar":"تصدير"},
    { "module_name" : "accounting", "screen_name" : "transfer-safes" , "name":"transfer_safes_print" , "en":"Print" , "ar":"طباعة"},
    { "module_name" : "accounting", "screen_name" : "transfer-safes" , "name":"transfer_safes_ui" , "en":"UI" , "ar":"الواجهة الرسومية"}

]