[
    { "module_name" : "public" , "screen_name" : "tables-group" , "name":"tables_group_manage" , "en":"Manage" , "ar":"إدارة"},
    { "module_name" : "public" , "screen_name" : "tables-group" , "name":"tables_group_add" , "en":"Add" , "ar":"إضافة"},
    { "module_name" : "public" , "screen_name" : "tables-group" , "name":"tables_group_update" , "en":"Edit" , "ar":"تعديل"},
    { "module_name" : "public" , "screen_name" : "tables-group" , "name":"tables_group_delete" , "en":"Delete" , "ar":"حذف"},
    { "module_name" : "public" , "screen_name" : "tables-group" , "name":"tables_group_view" , "en":"View" , "ar":"عرض"},
    { "module_name" : "public" , "screen_name" : "tables-group" , "name":"tables_group_search" , "en":"Search" , "ar":"بحث"},
    { "module_name" : "public" , "screen_name" : "tables-group" , "name":"tables_group_export" , "en":"Export" , "ar":"تصدير"},
    { "module_name" : "public" , "screen_name" : "tables-group" , "name":"tables_group_print" , "en":"Print" , "ar":"طباعة"},
    { "module_name" : "public" , "screen_name" : "tables-group" , "name":"tables_group_ui" , "en":"UI" , "ar":"الواجهة الرسومية"}
]