[{
        "name": "tables_group",
        "en": "Tables Group",
        "ar": "مجموعة الطاولات"
    },
    {
        "name": "tables_group_new",
        "en": "New Tables Group",
        "ar": "مجموعة طاولات جديد"
    },
    {
        "name": "tables_group_add",
        "en": "Add Tables Group",
        "ar": "إضافة مجموعة طاولات"
    },
    {
        "name": "tables_group_edit",
        "en": "Edit Tables Group",
        "ar": "تعديل مجموعة طاولات"
    },
    {
        "name": "tables_group_details",
        "en": "Tables Group Details",
        "ar": "تفاصيل المجموعة طاولات"
    },
    {
        "name": "tables_group_delete",
        "en": "Delete tables_group",
        "ar": "حذف مجموعة طاولات"
    },
    {
        "name": "tables_group_person",
        "en": "Persons",
        "ar": "أشخاص"
    },
    {
        "name": "tables_group_number",
        "en": "Tables Group Number",
        "ar": "رقم مجموعة طاولات"
    },
    {
        "name": "tables_group_name",
        "en": "Tables Group Name",
        "ar": "إسم مجموعة طاولات"
    }
]