[
    { "module_name" : "public" , "screen_name" : "courses" , "name":"courses_manage" , "en":"Manage" , "ar":"إدارة"},
    { "module_name" : "public" , "screen_name" : "courses" , "name":"courses_add" , "en":"Add" , "ar":"إضافة"},
    { "module_name" : "public" , "screen_name" : "courses" , "name":"courses_update" , "en":"Edit" , "ar":"تعديل"},
    { "module_name" : "public" , "screen_name" : "courses" , "name":"courses_delete" , "en":"Delete" , "ar":"حذف"},
    { "module_name" : "public" , "screen_name" : "courses" , "name":"courses_view" , "en":"View" , "ar":"عرض"},
    { "module_name" : "public" , "screen_name" : "courses" , "name":"courses_search" , "en":"Search" , "ar":"بحث"},
    { "module_name" : "public" , "screen_name" : "courses" , "name":"courses_export" , "en":"Export" , "ar":"تصدير"},
    { "module_name" : "public" , "screen_name" : "courses" , "name":"courses_print" , "en":"Print" , "ar":"طباعة"},
    { "module_name" : "public" , "screen_name" : "courses" , "name":"courses_ui" , "en":"Ui" , "ar":"الواجهة الرسومية"}
]