[{
        "name": "courses_id",
        "en": "Courses",
        "ar": "تعريف الكورسات"
    },
    {
        "name": "courses_new",
        "en": "New Courses",
        "ar": "تعريف كورس جديد "
    },
    {
        "name": "courses_add",
        "en": "Add Courses",
        "ar": "إضافة تعريف كورس"
    },
    {
        "name": "courses_edit",
        "en": "Edit Courses",
        "ar": "تعديل تعريف كورس"
    },
    {
        "name": "courses_details",
        "en": "Courses Details",
        "ar": "تفاصيل تعريف الكورس"
    },
    {
        "name": "courses_delete",
        "en": "Delete Courses",
        "ar": "حذف تعريف كورس"
    },
    {
        "name": "courses_name",
        "en": "Course Name",
        "ar": "إسم الكورس "
    },
    {
        "name": "courses_total",
        "en": "Total Duration",
        "ar": "إجمالي المدة "
    },
    {
        "name": "number_lecture_hours",
        "en": "Number Of Lecture  Hours",
        "ar": "عدد ساعات المحاضرة"
    },
    {
        "name": "courses_price",
        "en": "Course Price",
        "ar": "سعر الكورس "
    }
    
]