[
    {
        "id": 1,
        "en": "Incoming source",
        "ar": "مصدر وارد"
    },
    {
        "id": 2,
        "en": "Orders Screen",
        "ar": "شاشة الطلبات"
    },
    {
        "id": 3,
        "en": "sales invoice",
        "ar": "فاتورة مبيعات"
    },
    {
        "id": 4,
        "en": "Return purchase invoice",
        "ar": "مرتجع فاتورة مشتريات"
    },
    {
        "id": 5,
        "en": "Customer",
        "ar": "عميل"
    }
]