[
    { "module_name" : "accounting" , "screen_name" : "accounting-invoices" , "name":"account_invoices_manage" , "en":"Manage" , "ar":"إدارة"},
    { "module_name" : "accounting" , "screen_name" : "accounting-invoices" , "name":"account_invoices_add" , "en":"Add" , "ar":"إضافة"},
    { "module_name" : "accounting" , "screen_name" : "accounting-invoices" , "name":"account_invoices_edit" , "en":"Edit" , "ar":"تعديل"},
    { "module_name" : "accounting" , "screen_name" : "accounting-invoices" , "name":"account_invoices_delete" , "en":"Delete" , "ar":"حذف"},
    { "module_name" : "accounting" , "screen_name" : "accounting-invoices" , "name":"account_invoices_view" , "en":"View" , "ar":"عرض"},
    { "module_name" : "accounting" , "screen_name" : "accounting-invoices" , "name":"account_invoices_post_all" , "en":"Post All" , "ar":"ترحيل الكل"},
    { "module_name" : "accounting" , "screen_name" : "accounting-invoices" , "name":"account_invoices_post" , "en":"Post" , "ar":"ترحيل"},
    { "module_name" : "accounting" , "screen_name" : "accounting-invoices" , "name":"account_invoices_unpost" , "en":"UnPost" , "ar":"فك ترحيل"},
    { "module_name" : "accounting" , "screen_name" : "accounting-invoices" , "name":"account_invoices_search" , "en":"Search" , "ar":"بحث"},
    { "module_name" : "accounting" , "screen_name" : "accounting-invoices" , "name":"account_invoices_export" , "en":"Export" , "ar":"تصدير"},
    { "module_name" : "accounting" , "screen_name" : "accounting-invoices" , "name":"account_invoices_print" , "en":"Print" , "ar":"طباعة"},
    { "module_name" : "accounting" , "screen_name" : "accounting-invoices" , "name":"account_invoices_ui" , "en":"UI" , "ar":"الواجهة الرسومية"},
    { "module_name" : "accounting" , "screen_name" : "accounting-invoices" , "name":"account_invoices_handle" , "en":"Handler" , "ar":"تهيئة"}
]