[
    {
        "id": 1,
        "en": "Purchases Store",
        "ar": "المشتريات المخزنية"
    },
    {
        "id": 2,
        "en": "Sales Store",
        "ar": "المبيعات المخزنية"
    },
    {
        "id": 3,
        "en": "Orders Screen",
        "ar": "شاشة الطلبات"
    },
    {
        "id": 4,
        "en": "Orders Service",
        "ar": "طلب نشاط"
    },
    {
        "id": 5,
        "en": "Booking A Hall",
        "ar": "حجز قاعة"
    },
    {
        "id": 6,
        "en": "Trainer Account",
        "ar": "حساب مدرب"
    },
    {
        "id": 7,
        "en": "Form Course Booking",
        "ar": "إستمارة حجز كورس"
    },
    {
        "id": 8,
        "en": "Amount In",
        "ar": "سند قبض"
    },
    {
        "id": 9,
        "en": "Amount Out",
        "ar": "سند صرف"
    },
    {
        "id": 10,
        "en": "Customer Advance Payment",
        "ar": "دفعة عميل مقدمة"
    },
    {
        "id": 11,
        "en": "Employee Advance",
        "ar": "سلفة موظف"
    },
    {
        "id": 12,
        "en": "Payment Employee Advance",
        "ar": "تسديد سلفة موظف"
    },
    {
        "id": 13,
        "en": "School Fees",
        "ar": "المصاريف الدراسية"
    },
    {
        "id": 14,
        "en": "Transfer of safes balances",
        "ar": "تحويل أرصدة الخزن"
    },
    {
        "id": 15,
        "en": "Patient Ticket",
        "ar": "تذكرة مريض"
    },
    {
        "id": 16,
        "en": "Opening Balance",
        "ar": "رصيد إفتتاحي"
    }
]