[
    {
        "name": "account_invoices_add",
        "en": "Add Customer",
        "ar": "إضافة عميل"
    },
    {
        "name": "account_invoices_informations",
        "en": "Account Invoices Informations",
        "ar": "بيانات فواتير الحسابات"
    },
    {
        "name": "account_invoices_name",
        "en": "Account Invoices",
        "ar": " فواتير الحسابات"
    },
    {
        "name": "amount_paid",
        "en": "Amount paid",
        "ar": "المبلغ المدفوع"
    },
    {
        "name": "remaining_amount",
        "en": "Remaining amount",
        "ar": "المبلغ المتبقي"
    },
    {
        "name": "opening_balance",
        "en": "Opening Balance",
        "ar": " رصيد إفتتاحي"
    },
    {
        "name": "target_account",
        "en": "Target account",
        "ar": " الحساب المستهدف"
    },
    {
        "name": "payments_payable",
        "en": "Payments payable",
        "ar": "المستحقات واجبة الدفع"
    },
    {
        "name": "payment_value",
        "en": "Payment Value",
        "ar": "قيمة الدفعة"
    },
    {
        "name": "add_payment",
        "en": "payment Value",
        "ar": "إضافة دفعات"
    },
    {
        "name": "accounting_invoices",
        "en": "Accounting Invoices",
        "ar": " فواتير الحسابات"
    },
    {
        "name": "account_invoices_menus",
        "en": "Account Invoices Menu",
        "ar": "قائمة فواتير الحسابات"
    },
    {
        "name": "transmitted_from",
        "en": "Transmitted from it",
        "ar": "المحول منه"
    },
    {
        "name": "transferee",
        "en": "Transferee",
        "ar": "المحول إليه"
    },
    {
        "name": "payment_made",
        "en": "Payment Was Made",
        "ar": "تم الدفع"
    },
    {
        "name": "sure_specify_data_transferee",
        "en": "Be sure to specify the data of the transferee",
        "ar": "يجب التأكد من تحديد بيانات المحول إليه"
    },
    {
        "name": "must_choose_type_tuition_fees",
        "en": "You must choose the type of tuition fees",
        "ar": "يجب إختيار نوع المصروفات الدراسية"
    },
    {
        "name": "must_choose",
        "en": "You must choose",
        "ar": "يجب إختيار"
    },
    {
        "name": "under_payment",
        "en": "Under Payment",
        "ar": "تحت الدفع"
    },
    {
        "name": "account_invoices_name",
        "en": "Account Invoices Name",
        "ar": "إسم فواتير الحسابات"
    },
    {
        "name": "source_type",
        "en": "Source Type",
        "ar": "نوع المصدر"
    },
    {
        "name": "order_invoices_type",
        "en": "Order Invoices Type",
        "ar": "نوع الطلب "
    },
    {
        "name": "err_order_type",
        "en": "Must Select Order Type",
        "ar": "يجب إختيار نوع الطلب"
    },
    {
        "name": "order_sale",
        "en": "Order Sale",
        "ar": "أمر بيع"
    },
    {
        "name": "order_value",
        "en": "Order Value",
        "ar": "القيمة"
    },
    {
        "name": "value",
        "en": "Value",
        "ar": "القيمة"
    },
    {
        "name": "incoming_name",
        "en": "Incoming name",
        "ar": "إسم الوارد"
    },
    {
        "name": "expense_name",
        "en": "Expense name",
        "ar": "إسم المصروف"
    },
    {
        "name": "target_account_must_selected",
        "en": "The target account must be selected",
        "ar": "يجب إختيار الحساب المستهدف"
    },
    {
        "name": "target_customer_account_must_selected",
        "en": "The target customer account must be selected",
        "ar": "يجب إختيار حساب العميل المستهدف"
    },
    {
        "name": "target_vendor_account_must_selected",
        "en": "The target vendor account must be selected",
        "ar": "يجب إختيار حساب المورد المستهدف"
    },
    {
        "name": "payable",
        "en": "Payable",
        "ar": "مستحق الدفع"
    },
    {
        "name": "order_type",
        "en": "Order Type",
        "ar": "نوع الطلب"
    },
    {
        "name": "payments",
        "en": "Payments",
        "ar": "الدفعات"
    },
    {
        "name": "payment",
        "en": "Payment",
        "ar": "تسديد"
    },
    {
        "name": "remain_amount",
        "en": "Remain Amount",
        "ar": "المبلغ المتبقي"
    },
    {
        "name": "detailes_amounts_paid",
        "en": "Detailes Amounts Paid",
        "ar": "تفاصيل المدفوعات"
    },
    {
        "name": "accept",
        "en": "Accept",
        "ar": "تأكيد"
    },
    {
        "name": "err_paid_up",
        "en": "Must Enter Paid",
        "ar": "يجب إدخال مبلغ "
    },
    {
        "name": "paid_up",
        "en": "Paid Up",
        "ar": "المدفوع"
    },
    {
        "name": "err_total_tax",
        "en": "Total Taxes Greater Than Required",
        "ar": "مجموع الضرائب أكبر من المطلوب"
    },
    {
        "name": "err_total_discount",
        "en": "Total Discount Greater Than Required",
        "ar": "مجموع الخصومات أكبر من المطلوب"
    },
    {
        "name": "err_service",
        "en": "Service Greater Than Required",
        "ar": "مبلغ الخدمة أكبر من المطلوب"
    },
    {
        "name": "err_net_value",
        "en": " Paid Up Greater Than Net Value",
        "ar": " المدفوع أكبر من صافي المبلغ"
    },
    {
        "name": "err_price_delivery_service",
        "en": "Price Delivery Service Greater Than Required",
        "ar": "مبلغ خدمة التوصيل أكبر من المطلوب"
    },
    {
        "name": "account_invoices_new",
        "en": "New Account Invoices",
        "ar": "فاتورة حسابات جديدة"
    },
    {
        "name": "account_invoices_details",
        "en": "Account Invoices Details",
        "ar": "تفاصيل فواتير الحسابات"
    },
    {
        "name": "account_invoices_update",
        "en": "EditAccount Invoices",
        "ar": "تعديل فواتير الحسابات"
    },
    {
        "name": "account_invoices_delete",
        "en": "DelteAccount Invoices",
        "ar": "حذف فواتير الحسابات"
    },
    {
        "name": "account_invoices_add_name",
        "en": "AddAccount Invoices",
        "ar": "إضافة فواتير الحسابات"
    }
]