[
    { "module_name" : "public" , "screen_name" : "area" , "name":"area_manage" , "en":"Manage" , "ar":"إدارة"},
    { "module_name" : "public" , "screen_name" : "area" , "name":"area_add" , "en":"Add" , "ar":"إضافة"},
    { "module_name" : "public" , "screen_name" : "area" , "name":"area_update" , "en":"Edit" , "ar":"تعديل"},
    { "module_name" : "public" , "screen_name" : "area" , "name":"area_delete" , "en":"Delete" , "ar":"حذف"},
    { "module_name" : "public" , "screen_name" : "area" , "name":"area_view" , "en":"View" , "ar":"عرض"},
    { "module_name" : "public" , "screen_name" : "area" , "name":"area_search" , "en":"Search" , "ar":"بحث"},
    { "module_name" : "public" , "screen_name" : "area" , "name":"area_export" , "en":"Export" , "ar":"تصدير"},
    { "module_name" : "public" , "screen_name" : "area" , "name":"area_print" , "en":"Print" , "ar":"طباعة"},
    { "module_name" : "public" , "screen_name" : "area" , "name":"area_ui" , "en":"Ui" , "ar":"الواجهة الرسومية"}
]