[
    { "module_name" : "accounting" , "screen_name" : "accounting-safes" , "name":"safes_manage" , "en":"Manage" , "ar":"إدارة"},
    { "module_name" : "accounting" , "screen_name" : "accounting-safes" , "name":"safes_add" , "en":"Add" , "ar":"إضافة"},
    { "module_name" : "accounting" , "screen_name" : "accounting-safes" , "name":"safes_update" , "en":"Edit" , "ar":"تعديل"},
    { "module_name" : "accounting" , "screen_name" : "accounting-safes" , "name":"safes_delete" , "en":"Delete" , "ar":"حذف"},
    { "module_name" : "accounting" , "screen_name" : "accounting-safes" , "name":"safes_view" , "en":"View" , "ar":"عرض"},
    { "module_name" : "accounting" , "screen_name" : "accounting-safes" , "name":"safes_search" , "en":"Search" , "ar":"بحث"},
    { "module_name" : "accounting" , "screen_name" : "accounting-safes" , "name":"safes_export" , "en":"Export" , "ar":"تصدير"},
    { "module_name" : "accounting" , "screen_name" : "accounting-safes" , "name":"safes_print" , "en":"Print" , "ar":"طباعة"},
    { "module_name" : "accounting" , "screen_name" : "accounting-safes" , "name":"safes_ui" , "en":"Ui" , "ar":"الواجهة الرسومية"}
]