[
    {
        "name": "safes_add",
        "en": "Add Safe",
        "ar": "إضافة خزينة"
    },
    {
        "name": "safes_new",
        "en": "New Safe",
        "ar": "خزينة جديدة"
    },
    {
        "name": "safes_details",
        "en": "Safe Details",
        "ar": "تفاصيل خزينة"
    },
    {
        "name": "err_delete_safe",
        "en": "The safe cannot be deleted for other transactions",
        "ar": "لأ يمكن حذف الخزنة لإستخدامها في معاملات أخرى"
    },
    {
        "name": "safes_edit",
        "en": "Edit Safe",
        "ar": "تعديل بيانات خزينة"
    },
    {
        "name": "safes_delete",
        "en": "Delete Safe",
        "ar": "حذف خزينة"
    },
    {
        "name": "safes_employee",
        "en": "Safe Employee",
        "ar": " إسم المسؤول"
    },
    {
        "name": "safes_name",
        "en": "Safe Name",
        "ar": "إسم الخزينة"
    },
    {
        "name": "safes_balance",
        "en": "Safe Balance",
        "ar": "رصيد الخزينة"
    },
    {
        "name": "safes",
        "en": "Safes",
        "ar": "الخزائن"
    },
    {
        "name": "cannt_delete_safe",
        "en": "Unable To Delete To Exist Balance",
        "ar": "لا يمكن الحذف لوجود رصيد"
    },
    {
        "name": "accounting_safes",
        "en": "Safes",
        "ar": "الخزائن"
    },
    {
        "name": "",
        "en": "Record Found",
        "ar": "هذا البيان موجود من قبل"
    },
    {
        "name": "safes_employee_name",
        "en": "Employee Name",
        "ar": " إسم المسؤول  "
    },
    {
        "name": "safes_search",
        "en": "search",
        "ar": " بحث"
    },
    {
        "name": "safe_type",
        "en": "Safe Type",
        "ar": " نوع الخزينة"
    },
    {
        "name": "empty_search",
        "en": "Reset",
        "ar": " تفريغ الحقول"
    },
    {
        "name": "safes_description",
        "en": "Description",
        "ar": "التفاصيل"
    },
    {
        "name": "duplicate_alarm",
        "en": "Duplicate",
        "ar": "هذا البيان موجود من قبل"
    },
    {
        "name": "safes_logo",
        "en": "Safe Logo",
        "ar": "الشعار"
    },
    {
        "name": "safes_img",
        "en": "Safe Images",
        "ar": "الملفات"
    }
]