[
    {
        "name": "brand_title",
        "en": "Smart Code",
        "ar": "سمـارت كـود"
    },
    {
        "name": "brand_tag",
        "en": "Enterprise Resources Planing",
        "ar": "نظام إدارة المدرسة"
    },
        {
        "name": "track_opening_closing_shift",
        "en": "Track opening and closing of the Year School",
        "ar": "تتبع فتح و غلق العام الدراسي"
    },
    {
        "name": "yes",
        "en": "Yes",
        "ar": "نعم"
    },
    {
        "name": "no",
        "en": "No",
        "ar": "لا"
    },
    {
        "name": "school_fees",
        "en": "School Fees",
        "ar": "المصروفات الدراسية"
    },
    {
        "name": "re_open_shift",
        "en": "Re-Open School Year",
        "ar": "إعادة فتح العام الدراسي"
    },
    {
        "name": "customers",
        "en": "Students",
        "ar": "الطلاب"
    },
   
    {
        "name": "customers_new",
        "en": "New Student",
        "ar": "طالب جديد"
    },
    {
        "name": "customers_add",
        "en": "Add Student",
        "ar": "إضافة طالب"
    },
    {
        "name": "customers_edit",
        "en": "Student Edit",
        "ar": "تعديل بيانات طالب"
    },
    {
        "name": "customers_details",
        "en": "Student Details",
        "ar": "تفاصيل طالب"
    },
    {
        "name": "customers_delete",
        "en": "Delete Student",
        "ar": "حذف طالب"
    },
    {
        "name": "customers_indentfy",
        "en": "Student indentfy",
        "ar": "نوع الطالب"
    },
    {
        "name": "customers_personal_information",
        "en": "Personal Information",
        "ar": "البيانات الشخصية"
    },
    {
        "name": "customers_basic_information",
        "en": "Basic Information",
        "ar": "البيانات الاساسية"
    },
    {
        "name": "customers_code",
        "en": "Student Code",
        "ar": "كود الطالب"
    },
    {
        "name": "customers_name_ar",
        "en": "Student Name Arabic",
        "ar": "إسم الطالب بالعربي"
    },
    {
        "name": "customers_name_en",
        "en": "Student Name English",
        "ar": "إسم الطالب بالانجليزية"
    },
    {
        "name": "customer_name",
        "en": "Student Name",
        "ar": "إسم الطالب"
    },
    {
        "name": "customer",
        "en": "Student ",
        "ar": " الطالب"
    },
    {
        "name": "order_slides_add",
        "en": "Add Orders Slide",
        "ar": "إضافة حساب شريحة جلسات"
    },
    {
        "name": "order_slides",
        "en": "Orders Slide",
        "ar": "حساب شريحة جلسات"
    },
    {
        "name": "menu_company",
        "en": "Schools",
        "ar": "المدارس"
    },
    {
        "name": "order_slides_name",
        "en": "Slide Name",
        "ar": "إسم حساب الشريحة"
    },
    {
        "name": "order_slides_from",
        "en": "Slide From",
        "ar": "بداية حساب الشريحة"
    },
    {
        "name": "order_slides_to",
        "en": "Slide To",
        "ar": "نهاية حساب شريحة"
    },
    {
        "name": "order_slides_value",
        "en": "Session Value",
        "ar": "قيمة الجلسة"
    },
    {
        "name": "order_slides_new",
        "en": "New Slide",
        "ar": "حساب شريحة جلسات جديدة "
    },
    {
        "name": "order_slides_logo",
        "en": "Slides Logo",
        "ar": "صورة شريحة الجلسات"
    },
    {
        "name": "order_slides_edit",
        "en": "Edit Slide",
        "ar": "تعديل بيانات شريحة الجلسات"
    },
    {
        "name": "order_slides_details",
        "en": "Slide Details",
        "ar": " تفاصيل شريحة الجلسات"
    },
    {
        "name": "order_slides_delete",
        "en": "Delete Slide",
        "ar": "حذف حساب شريحة الجلسات"
    },
    {
        "name": "order_slides_img",
        "en": "Sessions Slides Image",
        "ar": "ملفات شريحة الجلسات"
    },
    {
        "name": "companies",
        "en": "School",
        "ar": "المدرسة"
    },
    {
        "name": "companies_add",
        "en": "Add School",
        "ar": "إضافة مدرسة"
    },
    {
        "name": "companies_edit",
        "en": "Edit School",
        "ar": "تعديل مدرسة"
    },
    {
        "name": "companies_informations",
        "en": "School Informations",
        "ar": "بيانات المدرسة"
    },
    {
        "name": "companies_basic_information",
        "en": "Basic Informations",
        "ar": "البيانات الاساسية"
    },
    {
        "name": "companies_contact_information",
        "en": "Contact Informations",
        "ar": "بيانات الاتصال"
    },
    {
        "name": "companies_details",
        "en": "ِSchool Details",
        "ar": "تفاصيل المدرسة"
    },
    {
        "name": "companies_delete",
        "en": "Delete ِSchool",
        "ar": "حذف مدرسة"
    },
    {
        "name": "companies_code",
        "en": "ِSchool Code",
        "ar": "كود المدرسة"
    },
    {
        "name": "companies_phone",
        "en": "Phone",
        "ar": "التليفون"
    },
    {
        "name": "companies_mobile",
        "en": "Mobile",
        "ar": "الجوال"
    },
    {
        "name": "companies_activity",
        "en": "Activity",
        "ar": "النشاط"
    },
    {
        "name": "companies_branches_informations",
        "en": "Branches Informations",
        "ar": "بيانات الفروع"
    },
    {
        "name": "companies_branch",
        "en": "Branch",
        "ar": "الفرع"
    },
    {
        "name": "companies_branch_information",
        "en": "Branch Information",
        "ar": "بيانات الفرع"
    },
    {
        "name": "companies_contact_charge",
        "en": "Charge Information",
        "ar": "بيانات المسئول"
    },
    {
        "name": "companies_branch_code",
        "en": "Branch Code",
        "ar": "كود الفرع"
    },
    {
        "name": "companies_branch_name",
        "en": "Branch Name",
        "ar": "إسم الفرع"
    },
    {
        "name": "companies_branch_name_ar",
        "en": "Branch Name Arabic",
        "ar": "إسم الفرع بالعربى"
    },
    {
        "name": "companies_branch_name_en",
        "en": "Branch Name English",
        "ar": "إسم الفرع بالانجليزى"
    },
    {
        "name": "companies_branch_notes",
        "en": "Branch Notes",
        "ar": "ملاحظات الفرع"
    },
    {
        "name": "companies_charge_name",
        "en": "Charge Name",
        "ar": "إسم المسئول"
    },
    {
        "name": "companies_charge_job",
        "en": "Charge Job",
        "ar": "الوظيفة"
    },
    {
        "name": "companies_internal_number",
        "en": "Internal Number",
        "ar": "الرقم الداخلي"
    },
    {
        "name": "companies_banking_informations",
        "en": "Banking Informations",
        "ar": "البنوك"
    },
    {
        "name": "companies_bank_information",
        "en": "Bank Information",
        "ar": "بيانات البنك"
    },
    {
        "name": "companies_bank_name",
        "en": "Bank Name",
        "ar": "إسم البنك"
    },
    {
        "name": "companies_bank_account_number",
        "en": "Bank Account Number",
        "ar": "رقم الحساب"
    },
    {
        "name": "companies_filter_with_date",
        "en": "Filter With Date",
        "ar": "تصفية البيانات بالتاريخ"
    },
    {
        "name": "companies_calender_type",
        "en": "Calender Type",
        "ar": "نوع التقويم"
    },
    {
        "name": "companies_gegorian",
        "en": "Gregorian",
        "ar": "ميلادي"
    },
    {
        "name": "companies_hijri",
        "en": "Hijri",
        "ar": "هجري"
    },
    {
        "name": "companies_date",
        "en": "Date",
        "ar": "التاريخ"
    },
    {
        "name": "companies_gov",
        "en": "Gov",
        "ar": "المحافظة"
    },
    {
        "name": "companies_city",
        "en": "City",
        "ar": "المدينة"
    },
    {
        "name": "companies_email",
        "en": "Email",
        "ar": "البريد الالكتروني"
    },
    {
        "name": "companies_fax",
        "en": "Fax",
        "ar": "الفاكس"
    },
    {
        "name": "companies_name_ar",
        "en": "ِSchool Name Arabic",
        "ar": "إسم المدرسة"
    },
    {
        "name": "companies_name_en",
        "en": "ِSchool Name English",
        "ar": "إسم المدرسة بالانجليزية"
    },
    {
        "name": "companies_excahange_price",
        "en": "Exchange Price",
        "ar": "سعر الصرف"
    },
    {
        "name": "companies_ِSchool_swift_code",
        "en": "Swift Code",
        "ar": "رقم السويفت"
    },
    {
        "name": "companies_new",
        "en": "New School",
        "ar": "مدرسة جديدة"
    },
    {
        "name": "companies_country",
        "en": "Coutntry",
        "ar": "الدولة"
    },
    {
        "name": "companies_address",
        "en": "Address",
        "ar": "العنوان"
    },
    {
        "name": "companies_customer_service",
        "en": "Student Services",
        "ar": "خدمة الطلاب"
    },
    {
        "name": "customers_group_informations",
        "en": "Students Group Informations",
        "ar": "بيانات مجموعة طلاب"
    },
    {
        "name": "customers_groups",
        "en": "Students Group",
        "ar": "مجموعة طلاب"
    },
    {
        "name": "customers_groups_name",
        "en": "Students Groups",
        "ar": "مجموعات الطلاب"
    },
    {
        "name": "customers_group_menus",
        "en": "Students Group Menu",
        "ar": "قائمة مجموعة الطلاب"
    },
    {
        "name": "customers_group_code",
        "en": "Students Group Code",
        "ar": "كود مجموعة الطلاب"
    },
    {
        "name": "customers_group_name",
        "en": "Students Group Name",
        "ar": "إسم مجموعة الطلاب"
    },
    {
        "name": "customers_group_new",
        "en": "New Students Group",
        "ar": "مجموعة طلاب جديدة"
    },
    {
        "name": "customers_group_details",
        "en": "Students Group Details",
        "ar": "تفاصيل مجموعة طلاب"
    },
    {
        "name": "customers_group_update",
        "en": "Edit Students Group",
        "ar": "تعديل مجموعة طلاب"
    },
    {
        "name": "customers_group_delete",
        "en": "Delte Students Group",
        "ar": "حذف مجموعة طلاب"
    },
    {
        "name": "customers_group_add_name",
        "en": "Add Students Group",
        "ar": "إضافة مجموعة طلاب"
    },
    {
        "name": "halls",
        "en": "The classrooms",
        "ar": "الفصول الدراسية"
    },
    {
        "name": "hall",
        "en": "The classroom",
        "ar": "الفصل الدراسي"
    },
    {
        "name": "hall_new",
        "en": "New classroom",
        "ar": "فصل دراسي جديد"
    },
    {
        "name": "hall_add",
        "en": "Add classroom",
        "ar": "إضافة فصل دراسي"
    },
    {
        "name": "hall_edit",
        "en": "Edit classroom",
        "ar": "تعديل فصل دراسي"
    },
    {
        "name": "hall_details",
        "en": "classroom Details",
        "ar": "تفاصيل الفصل الدراسي"
    },
    {
        "name": "hall_delete",
        "en": "Delete classroom",
        "ar": "حذف فصل دراسي"
    },
    {
        "name": "hall_name",
        "en": "classroom Name",
        "ar": "إسم الفصل الدراسي"
    },
    {
        "name": "hall_total",
        "en": "Total Duration",
        "ar": "إجمالي المدة "
    },
    {
        "name": "hall_capaneighborhood",
        "en": "classroom Capaneighborhood",
        "ar": "سعة الفصل الدراسي "
    },
    {
        "name": "trainer",
        "en": "Teachers",
        "ar": "المدرسين"
    },
    {
        "name": "trainer_new",
        "en": "New Teacher",
        "ar": "مدرس جديد"
    },
    {
        "name": "handel_trainers",
        "en": "Handel Teachers",
        "ar": "هندلة المدرسين"
    },
    {
        "name": "trainer_add",
        "en": "Add Teacher",
        "ar": "إضافة مدرس"
    },
    {
        "name": "trainer_edit",
        "en": "Edit Teacher",
        "ar": "تعديل مدرس"
    },
    {
        "name": "trainer_details",
        "en": "Teacher Details",
        "ar": "تفاصيل المدرس"
    },
    {
        "name": "trainer_delete",
        "en": "Delete Teacher",
        "ar": "حذف مدرس"
    },
    {
        "name": "trainer_name",
        "en": "Teacher Name",
        "ar": "إسم المدرس"
    },
    {
        "name": "trainer_indentfy",
        "en": "Teacher Indentfy",
        "ar": "نوع المدرس"
    },
    {
        "name": "trainer_info",
        "en": "Teacher Informations",
        "ar": "معلومات المدرس"
    },
    {
        "name": "customers",
        "en": "Students",
        "ar": "الطلاب"
    },
    {
        "name": "customers_new",
        "en": "New Student",
        "ar": "طالب جديد"
    },
    {
        "name": "customers_add",
        "en": "Add Student",
        "ar": "إضافة طالب"
    },
    {
        "name": "customers_edit",
        "en": "Student Edit",
        "ar": "تعديل بيانات طالب"
    },
    {
        "name": "customers_details",
        "en": "Student Details",
        "ar": "تفاصيل طالب"
    },
    {
        "name": "customers_view",
        "en": "Students View",
        "ar": "عرض الطلاب"
    },
    {
        "name": "customers_delete",
        "en": "Delete Student",
        "ar": "حذف طالب"
    },
    {
        "name": "customers_indentfy",
        "en": "Student indentfy",
        "ar": "نوع الطالب"
    },
    {
        "name": "customers_code",
        "en": "Student Code",
        "ar": "كود الطالب"
    },
    {
        "name": "customers_name_ar",
        "en": "Student Name Arabic",
        "ar": "إسم الطالب بالعربي"
    },
    {
        "name": "customers_name_en",
        "en": "Student Name English",
        "ar": "إسم الطالب بالانجليزية"
    },
    {
        "name": "customer_name",
        "en": "Student Name",
        "ar": "إسم الطالب"
    },
    {
        "name": "customer",
        "en": "Student ",
        "ar": " الطالب"
    },
    {
        "name": "order_slides_add",
        "en": "Add Sessions Slide",
        "ar": "إضافة شريحة جلسات"
    },
    {
        "name": "order_slide",
        "en": "Sessions Slide",
        "ar": " شريحة الجلسات"
    },
    {
        "name": "order_slides",
        "en": "Sessions Slides",
        "ar": " شرائح الجلسات"
    },
    {
        "name": "order_slides_img",
        "en": "Sessions Slides Image",
        "ar": "ملفات شريحة الجلسات"
    },
    {
        "name": "order_slides_value",
        "en": "Session Value",
        "ar": "قيمة الجلسة"
    },{
        "name": "shifts",
        "en": "School Years",
        "ar": "الأعوام الدراسية"
    },
    {
        "name": "shift",
        "en": "School Year",
        "ar": "العام دراسي"
    },
    {
        "name": "open_shift",
        "en": "Open New School Year",
        "ar": " فتح عام دراسي جديد "
    },{
        "name": "close_shift",
        "en": "Close School Year",
        "ar": "غلق العام دراسي"
    },
    {
        "name": "open_shift_not_found",
        "en": "Not Found Open School Year",
        "ar": "لا يوجد عام دراسي مفتوح"
    },
    {
        "name": "must_close_shift",
        "en": "All School Years Must Be Closed Before Opening A New School Year",
        "ar": "يجب غلق جميع العام دراسيات قبل فتح عام دراسي جديد"
    },
    {
        "name": "shift_start",
        "en": "Add Start",
        "ar": "بدء العام دراسي"
    },
    {
        "name": "shift_period",
        "en": "Add Period",
        "ar": "مدة العام دراسي"
    },
    {
        "name": "shifts_add",
        "en": "Add School Year",
        "ar": "إضافة عام دراسي "
    },
    {
        "name": "shifts_edit",
        "en": "Edit School Year",
        "ar": "تعديل عام دراسي "
    },
    {
        "name": "shifts_details",
        "en": "School Year Details",
        "ar": "تفاصيل العام دراسي "
    },
    {
        "name": "shifts_delete",
        "en": "Delete School Year",
        "ar": "حذف عام دراسي "
    },
    {
        "name": "shifts_name",
        "en": "School Year Name",
        "ar": "إسم العام دراسي "
    },{
        "name": "menu_shift",
        "en": "School Years Menu",
        "ar": "قائمة الأعوام الدراسية"
    },
    {
        "name": "menu_shift_tag",
        "en": "School Years Manegment",
        "ar": "إدارة الأعوام الدراسية"
    },
    {
        "name": "report_shift_name",
        "en": "Report School Years",
        "ar": "تقرير الأعوام الدراسية"
    },
    {
        "name": "report_shift_menus",
        "en": "Report School Years Menu",
        "ar": "قائمة تقرير الأعوام الدراسية"
    }
]