[
    { "module_name" : "public" , "screen_name" : "customers" , "name":"customers_manage" , "en":"Manage" , "ar":"إدارة"},
    { "module_name" : "public" , "screen_name" : "customers" , "name":"customers_add" , "en":"Add" , "ar":"إضافة"},
    { "module_name" : "public" , "screen_name" : "customers" , "name":"customers_update" , "en":"Edit" , "ar":"تعديل"},
    { "module_name" : "public" , "screen_name" : "customers" , "name":"customers_delete" , "en":"Delete" , "ar":"حذف"},
    { "module_name" : "public" , "screen_name" : "customers" , "name":"customers_view" , "en":"View" , "ar":"عرض"},
    { "module_name" : "public" , "screen_name" : "customers" , "name":"customers_search" , "en":"Search" , "ar":"بحث"},
    { "module_name" : "public" , "screen_name" : "customers" , "name":"customers_export" , "en":"Export" , "ar":"تصدير"},
    { "module_name" : "public" , "screen_name" : "customers" , "name":"customers_print" , "en":"Print" , "ar":"طباعة"},
    { "module_name" : "public" , "screen_name" : "customers" , "name":"customers_ui" , "en":"UI" , "ar":"الواجهة الرسومية"}
]