[{
        "name": "account_course",
        "en": "Account Trainer",
        "ar": "حساب المدربين"
    },
    {
        "name": "account_course_new",
        "en": "New Account Trainer",
        "ar":  "حساب مدرب جديد"
    },
    {
        "name": "account_course_add",
        "en": "Account Trainer",
        "ar": "حساب مدرب"
    },
    {
        "name": "trainer_err",
        "en": "Should Add Trainer",
        "ar": "يجب إضافة مدرب"
    },
    {
        "name": "account_lectures",
        "en": "Account Lectures",
        "ar": "حساب المحاضرة"
    },
    {
        "name": "account_course_edit",
        "en": "Edit Account Trainer",
        "ar": "تعديل حساب مدرب"
    },
    {
        "name": "account_course_details",
        "en": "Account Trainer Details",
        "ar": "تفاصيل حساب مدرب"
    },
    {
        "name": "account_course_delete",
        "en": "Delete Account Trainer",
        "ar": "حذف حساب مدرب"
    },
    {
        "name": "account_course_name",
        "en": "Course Name",
        "ar": "إسم الكورس "
    },
    {
        "name": "dates",
        "en": "Dates",
        "ar": "المواعيد"
    },
    {
        "name": "account_course_total",
        "en": "Total Duration",
        "ar": "إجمالي المدة "
    },
    {
        "name": "account",
        "en": "Account",
        "ar": "حساب"
    },
    {
        "name": "attend_absence",
        "en": "Attend & Absence",
        "ar": "الحضور و الغياب"
    },
    {
        "name": "attend_hour",
        "en": "Attend Hour",
        "ar": "حضور الساعة"
    },
    {
        "name": "out_hour",
        "en": "Out Hour",
        "ar": "إنصراف الساعة"
    },
    {
        "name": "attend_absence_list",
        "en": "Attend & Absence List",
        "ar": "بيان الحضور و الغياب"
    },
    {
        "name": "paid_payback",
        "en": "Paid payback",
        "ar": "تسديد الدفعة"
    },
    {
        "name": "payback_paid",
        "en": "payback Paid",
        "ar": "الدفعات المسددة"
    },
   
    {
        "name": "trainer_account",
        "en": "Trainer Account",
        "ar": "حساب المدرب"
    },
    {
        "name": "number_lecture",
        "en": "Number from lectures",
        "ar": "عدد المحاضرات"
    },
    {
        "name": "number_lecture_hours",
        "en": "Number Of Lecture  Hours",
        "ar": "عدد ساعات المحاضرة"
    },
    {
        "name": "date_from",
        "en": "Start Date Course",
        "ar": "تاريخ بداية الكورس"
    },
    {
        "name": "date_to",
        "en": "End Date Course",
        "ar": "تاريخ نهاية الكورس"
    },
    {
        "name": "account_course_price",
        "en": "Course Price",
        "ar": "سعر الكورس "
    }
    
]