[
    { "module_name" : "public", "screen_name" : "exam-grades" , "name":"exam_grades_manage" , "en":"Manage" , "ar":"إدارة"},
    { "module_name" : "public", "screen_name" : "exam-grades" , "name":"exam_grades_add" , "en":"Add" , "ar":"إضافة"},
    { "module_name" : "public", "screen_name" : "exam-grades" , "name":"exam_grades_edit" , "en":"Edit" , "ar":"تعديل"},
    { "module_name" : "public", "screen_name" : "exam-grades" , "name":"exam_grades_delete" , "en":"Delete" , "ar":"حذف"},
    { "module_name" : "public", "screen_name" : "exam-grades" , "name":"exam_grades_view" , "en":"View" , "ar":"عرض"},
    { "module_name" : "public", "screen_name" : "exam-grades" , "name":"exam_grades_search" , "en":"Search" , "ar":"بحث"},
    { "module_name" : "public", "screen_name" : "exam-grades" , "name":"exam_grades_export" , "en":"Export" , "ar":"تصدير"},
    { "module_name" : "public", "screen_name" : "exam-grades" , "name":"exam_grades_print" , "en":"Print" , "ar":"طباعة"},
    { "module_name" : "public", "screen_name" : "exam-grades" , "name":"exam_grades_ui" , "en":"UI" , "ar":"الواجهة الرسومية"}

]