[
    { "module_name" : "report" , "screen_name" : "report-daily" , "name":"report_daily_manage" , "en":"Manage" , "ar":"إدارة"},
    { "module_name" : "report" , "screen_name" : "report-daily" , "name":"report_daily_search" , "en":"Search" , "ar":"بحث"},
    { "module_name" : "report" , "screen_name" : "report-daily" , "name":"report_daily_export" , "en":"Export" , "ar":"تصدير"},
    { "module_name" : "report" , "screen_name" : "report-daily" , "name":"report_daily_print" , "en":"Print" , "ar":"طباعة"},
    { "module_name" : "report" , "screen_name" : "report-daily" , "name":"report_daily_ui" , "en":"UI" , "ar":"الواجهة الرسومية"}
]