[
    { "module_name" : "report" , "screen_name" : "report-payable-vendors" , "name":"report_payable_vendors_manage" , "en":"Manage" , "ar":"إدارة"},
    { "module_name" : "report" , "screen_name" : "report-payable-vendors" , "name":"report_payable_vendors_search" , "en":"Search" , "ar":"بحث"},
    { "module_name" : "report" , "screen_name" : "report-payable-vendors" , "name":"report_payable_vendors_export" , "en":"Export" , "ar":"تصدير"},
    { "module_name" : "report" , "screen_name" : "report-payable-vendors" , "name":"report_payable_vendors_print" , "en":"Print" , "ar":"طباعة"},
    { "module_name" : "report" , "screen_name" : "report-payable-vendors" , "name":"report_payable_vendors_ui" , "en":"UI" , "ar":"الواجهة الرسومية"}
]