[
    { "module_name" : "report" , "screen_name" : "report-shift" , "name":"report_shift_manage" , "en":"Manage" , "ar":"إدارة"},
    { "module_name" : "report" , "screen_name" : "report-shift" , "name":"report_shift_search" , "en":"Search" , "ar":"بحث"},
    { "module_name" : "report" , "screen_name" : "report-shift" , "name":"report_shift_search" , "en":"Search" , "ar":"بحث"},
    { "module_name" : "report" , "screen_name" : "report-shift" , "name":"report_shift_export" , "en":"Export" , "ar":"تصدير"},
    { "module_name" : "report" , "screen_name" : "report-shift" , "name":"report_shift_print" , "en":"Print" , "ar":"طباعة"},
    { "module_name" : "report" , "screen_name" : "report-shift" , "name":"report_shift_ui" , "en":"UI" , "ar":"الواجهة الرسومية"}
]