[
    { "module_name" : "public", "screen_name" : "exams-results" , "name":"exams_results_manage" , "en":"Manage" , "ar":"إدارة"},
    { "module_name" : "public", "screen_name" : "exams-results" , "name":"exams_results_add" , "en":"Add" , "ar":"إضافة"},
    { "module_name" : "public", "screen_name" : "exams-results" , "name":"exams_results_edit" , "en":"Edit" , "ar":"تعديل"},
    { "module_name" : "public", "screen_name" : "exams-results" , "name":"exams_results_delete" , "en":"Delete" , "ar":"حذف"},
    { "module_name" : "public", "screen_name" : "exams-results" , "name":"exams_results_view" , "en":"View" , "ar":"عرض"},
    { "module_name" : "public", "screen_name" : "exams-results" , "name":"exams_results_search" , "en":"Search" , "ar":"بحث"},
    { "module_name" : "public", "screen_name" : "exams-results" , "name":"exams_results_export" , "en":"Export" , "ar":"تصدير"},
    { "module_name" : "public", "screen_name" : "exams-results" , "name":"exams_results_print" , "en":"Print" , "ar":"طباعة"},
    { "module_name" : "public", "screen_name" : "exams-results" , "name":"exams_results_ui" , "en":"UI" , "ar":"الواجهة الرسومية"}

]