[
    { "module_name" : "public" , "screen_name" : "order-kitchens" , "name":"order_kitchen_manage" , "en":"Manage" , "ar":"إدارة"},
    { "module_name" : "public" , "screen_name" : "order-kitchens" , "name":"order_kitchen_edit" , "en":"Edit" , "ar":"تعديل"},
    { "module_name" : "public" , "screen_name" : "order-kitchens" , "name":"order_kitchen_delete" , "en":"Delete" , "ar":"حذف"},
    { "module_name" : "public" , "screen_name" : "order-kitchens" , "name":"order_kitchen_view" , "en":"View" , "ar":"عرض"},
    { "module_name" : "public" , "screen_name" : "order-kitchens" , "name":"order_kitchen_search" , "en":"Search" , "ar":"بحث"},
    { "module_name" : "public" , "screen_name" : "order-kitchens" , "name":"order_kitchen_export" , "en":"Export" , "ar":"تصدير"},
    { "module_name" : "public" , "screen_name" : "order-kitchens" , "name":"order_kitchen_print" , "en":"Print" , "ar":"طباعة"},
    { "module_name" : "public" , "screen_name" : "order-kitchens" , "name":"order_kitchen_ui" , "en":"UI" , "ar":"الواجهة الرسومية"}
]