[
    { "module_name" : "public" , "screen_name" : "attend-students" , "name":"attend_students_manage" , "en":"Manage" , "ar":"إدارة"},
    { "module_name" : "public" , "screen_name" : "attend-students" , "name":"attend_students_add" , "en":"Add" , "ar":"إضافة"},
    { "module_name" : "public" , "screen_name" : "attend-students" , "name":"attend_students_update" , "en":"Edit" , "ar":"تعديل"},
    { "module_name" : "public" , "screen_name" : "attend-students" , "name":"attend_students_delete" , "en":"Delete" , "ar":"حذف"},
    { "module_name" : "public" , "screen_name" : "attend-students" , "name":"attend_students_view" , "en":"View" , "ar":"عرض"},
    { "module_name" : "public" , "screen_name" : "attend-students" , "name":"attend_students_search" , "en":"Search" , "ar":"بحث"},
    { "module_name" : "public" , "screen_name" : "attend-students" , "name":"attend_students_export" , "en":"Export" , "ar":"تصدير"},
    { "module_name" : "public" , "screen_name" : "attend-students" , "name":"attend_students_print" , "en":"Print" , "ar":"طباعة"},
    { "module_name" : "public" , "screen_name" : "attend-students" , "name":"attend_students_ui" , "en":"Ui" , "ar":"الواجهة الرسومية"}
]