[
    { "module_name" : "report" , "screen_name" : "report-itineraries" , "name":"report_itineraries_manage" , "en":"Manage" , "ar":"إدارة"},
    { "module_name" : "report" , "screen_name" : "report-itineraries" , "name":"report_itineraries_search" , "en":"Search" , "ar":"بحث"},
    { "module_name" : "report" , "screen_name" : "report-itineraries" , "name":"report_itineraries_export" , "en":"Export" , "ar":"تصدير"},
    { "module_name" : "report" , "screen_name" : "report-itineraries" , "name":"report_itineraries_print" , "en":"Print" , "ar":"طباعة"},
    { "module_name" : "report" , "screen_name" : "report-itineraries" , "name":"report_itineraries_ui" , "en":"UI" , "ar":"الواجهة الرسومية"}
]