[
    { "module_name" : "report" , "screen_name" : "report-stores-balance" , "name":"report_stores_balance_manage" , "en":"Manage" , "ar":"إدارة"},
    { "module_name" : "report" , "screen_name" : "report-stores-balance" , "name":"report_stores_balance_search" , "en":"Search" , "ar":"بحث"},
    { "module_name" : "report" , "screen_name" : "report-stores-balance" , "name":"report_stores_balance_export" , "en":"Export" , "ar":"تصدير"},
    { "module_name" : "report" , "screen_name" : "report-stores-balance" , "name":"report_stores_balance_print" , "en":"Print" , "ar":"طباعة"},
    { "module_name" : "report" , "screen_name" : "report-stores-balance" , "name":"report_stores_balance_ui" , "en":"UI" , "ar":"الواجهة الرسومية"}
]