[
    { "module_name" : "report" , "screen_name" : "report-info" , "name":"report_info_manage" , "en":"Manage" , "ar":"إدارة"},
    { "module_name" : "report" , "screen_name" : "report-info" , "name":"report_info_view" , "en":"View" , "ar":"عرض"},
    { "module_name" : "report" , "screen_name" : "report-info" , "name":"report_info_search" , "en":"Search" , "ar":"بحث"},
    { "module_name" : "report" , "screen_name" : "report-info" , "name":"report_info_export" , "en":"Export" , "ar":"تصدير"},
    { "module_name" : "report" , "screen_name" : "report-info" , "name":"report_info_print" , "en":"Print" , "ar":"طباعة"},
    { "module_name" : "report" , "screen_name" : "report-info" , "name":"report_info_ui" , "en":"UI" , "ar":"الواجهة الرسومية"}
]