[
    {
        "name": "report_info_add",
        "en": "Add Customer",
        "ar": "إضافة عميل"
    },
    {
        "name": "report_info_informations",
        "en": "Report Invoices Informations",
        "ar": "بيانات تقرير فاتورة"
    },
    {
        "name": "report_info_name",
        "en": "Informations Subscribers",
        "ar": " معلومات المشتركين"
    },
    {
        "name": "report_info",
        "en": "Informations Subscribers",
        "ar": " معلومات المشتركين"
    },
    {
        "name": "report_info_menus",
        "en": "Informations Subscribers Menu",
        "ar": "قائمة معلومات المشتركين"
    },
    {
        "name": "source_type",
        "en": "Source Type",
        "ar": "نوع المصدر"
    },
    {
        "name": "days_activity_termination",
        "en": "Days of Activity termination",
        "ar": "ايام إنتهاء النشاط"
    },
    {
        "name": "order_info_type",
        "en": "Order Invoices Type",
        "ar": "نوع أمر الفاتورة"
    },
    {
        "name": "order_sale",
        "en": "Order Sale",
        "ar": "أمر بيع"
    },
    {
        "name": "request_type",
        "en": "Invoice Type",
        "ar": "نوع الفاتورة"
    },
    {
        "name": "detailes_amounts_paid",
        "en": "Detailes Amounts Paid",
        "ar": "تفاصيل المدفوعات"
    },
    {
        "name": "accept",
        "en": "Accept",
        "ar": "تأكيد"
    },
    {
        "name": "date_from",
        "en": "Date From",
        "ar": "تاريخ من"
    },
    {
        "name": "date_to",
        "en": "Date To",
        "ar": "تاريخ إلى"
    },
    {
        "name": "report_info_details",
        "en": "Report Invoices Details",
        "ar": "تفاصيل تقرير فاتورة"
    },
    {
        "name": "report_info_update",
        "en": "Edit Report Invoices",
        "ar": "تعديل تقرير فاتورة"
    },
    {
        "name": "report_info_total_required",
        "en": "Total Required",
        "ar": "إجمالي المطلوب"
    },
    {
        "name": "total_paid_up",
        "en": "Total Rest",
        "ar": "إجمالي المدفوع"
    },
  
    {
        "name": "total_remain",
        "en": "Total Remain",
        "ar": "إجمالي الباقي"
    }
]