[
    { "module_name" : "report" , "screen_name" : "report-stores-re-order" , "name":"report_stores_re_order_manage" , "en":"Manage" , "ar":"إدارة"},
    { "module_name" : "report" , "screen_name" : "report-stores-re-order" , "name":"report_stores_re_order_search" , "en":"Search" , "ar":"بحث"},
    { "module_name" : "report" , "screen_name" : "report-stores-re-order" , "name":"report_stores_re_order_export" , "en":"Export" , "ar":"تصدير"},
    { "module_name" : "report" , "screen_name" : "report-stores-re-order" , "name":"report_stores_re_order_print" , "en":"Print" , "ar":"طباعة"},
    { "module_name" : "report" , "screen_name" : "report-stores-re-order" , "name":"report_stores_re_order_ui" , "en":"UI" , "ar":"الواجهة الرسومية"}
]