[
    { "name": "report_trainer_search","en": "Search", "ar": "بحث"},
    { "name": "report_trainer_date_from","en": "Date From", "ar": "من تاريخ"},
    { "name": "report_trainer_date_to","en": "Date To", "ar": "إلى تاريخ"},
    { "name": "report_trainer_date","en": "Date", "ar": "التاريخ"},

    { "name": "report_trainer_courses","en": "Report Student Course", "ar": "تقرير كورسات المدرب"},
    { "name": "report_trainer_start_date","en": "Start Date Course", "ar": "تاريخ بداية الكورس"},
    { "name": "report_trainer_end_dete","en": "End Date Course", "ar": "تاريخ نهاية الكورس"},
    { "name": "report_trainer_book_date","en": "Book Date Course", "ar": "تاريخ حجز الكورس"},

    { "name": "report_trainer_course","en": "Course Name", "ar": "إسم الكورس"},
    { "name": "report_trainer_serial","en": "Serial", "ar": "رقم مسلسل"},
    { "name": "report_trainer_required","en": "Required", "ar": "المطلوب"},
    { "name": "report_trainer_total_required","en": "Total Required", "ar": "إجمالي المطلوب"},
    { "name": "report_trainer_paid","en": "paid", "ar": "المدفوع"},
    { "name": "report_trainer_total","en": "Total Rest", "ar": "إجمالي المدفوع"},
    { "name": "report_trainer_rest","en": "Rest", "ar": "الباقي"},
    { "name": "report_trainer_total_rest","en": "Total Rest", "ar": "الباقي إجمالي"},


    { "name": "report_trainer_date","en": "Offer Date", "ar": "التاريخ"}
 
]