[
    { "module_name" : "report" , "screen_name" : "report-employee-delegate" , "name":"report_employee_delegate_manage" , "en":"Manage" , "ar":"إدارة"},
    { "module_name" : "report" , "screen_name" : "report-employee-delegate" , "name":"report_employee_delegate_search" , "en":"Search" , "ar":"بحث"},
    { "module_name" : "report" , "screen_name" : "report-employee-delegate" , "name":"report_employee_delegate_export" , "en":"Export" , "ar":"تصدير"},
    { "module_name" : "report" , "screen_name" : "report-employee-delegate" , "name":"report_employee_delegate_print" , "en":"Print" , "ar":"طباعة"},
    { "module_name" : "report" , "screen_name" : "report-employee-delegate" , "name":"report_employee_delegate_ui" , "en":"UI" , "ar":"الواجهة الرسومية"}
]