[
    { "module_name" : "public" , "screen_name" : "hosting" , "name":"hosting_manage" , "en":"Manage" , "ar":"إدارة"},
    { "module_name" : "public" , "screen_name" : "hosting" , "name":"hosting_add" , "en":"Add" , "ar":"إضافة"},
    { "module_name" : "public" , "screen_name" : "hosting" , "name":"hosting_update" , "en":"Edit" , "ar":"تعديل"},
    { "module_name" : "public" , "screen_name" : "hosting" , "name":"hosting_delete" , "en":"Delete" , "ar":"حذف"},
    { "module_name" : "public" , "screen_name" : "hosting" , "name":"hosting_view" , "en":"View" , "ar":"عرض"},
    { "module_name" : "public" , "screen_name" : "hosting" , "name":"hosting_search" , "en":"Search" , "ar":"بحث"},
    { "module_name" : "public" , "screen_name" : "hosting" , "name":"hosting_export" , "en":"Export" , "ar":"تصدير"},
    { "module_name" : "public" , "screen_name" : "hosting" , "name":"hosting_print" , "en":"Print" , "ar":"طباعة"},
    { "module_name" : "public" , "screen_name" : "hosting" , "name":"hosting_ui" , "en":"UI" , "ar":"الواجهة الرسومية"}
]