[
    { "name": "amounts_report_customers","en": "customers", "ar": "العملاء"},
    { "name": "amounts_report_employees","en": "ُEmployees", "ar": "الموظفين"},
    { "name": "amounts_report_companies","en": "companies", "ar": "الشركات"},
    { "name": "amounts_report_sources","en": "sources", "ar": "الوارد"},
    { "name": "amounts_report_date_from","en": "Date From", "ar": "من تاريخ"},
    { "name": "amounts_report_date_to","en": "Date To", "ar": "إلى تاريخ"},
    { "name": "amounts_report_value","en": "value", "ar": "القيمة"},
    { "name": "amounts_in_total","en": "amount_in Total", "ar": "اجمالى الوارد"},
    { "name": "amounts_out_total","en": "amount_out Total", "ar": "اجمالى المنصرف"},
    { "name": "amounts_report_total","en": "amount_report Total", "ar": "اجمالى الدخل"},

    { "name": "amounts_report_date","en": "date", "ar": "التاريخ"}
   

]