[
    { "module_name" : "report" , "screen_name" : "report-sales-detailed" , "name":"report_sales_detailed_manage" , "en":"Manage" , "ar":"إدارة"},
    { "module_name" : "report" , "screen_name" : "report-sales-detailed" , "name":"report_sales_detailed_search" , "en":"Search" , "ar":"بحث"},
    { "module_name" : "report" , "screen_name" : "report-sales-detailed" , "name":"report_sales_detailed_detailed" , "en":"Report Detailed" , "ar":"تقرير إجمالي"},
    { "module_name" : "report" , "screen_name" : "report-sales-detailed" , "name":"report_sales_detailed_total" , "en":"Report Total" , "ar":"تقرير تفصيلي"},
    { "module_name" : "report" , "screen_name" : "report-sales-detailed" , "name":"report_sales_detailed_search" , "en":"Search" , "ar":"بحث"},
    { "module_name" : "report" , "screen_name" : "report-sales-detailed" , "name":"report_sales_detailed_export" , "en":"Export" , "ar":"تصدير"},
    { "module_name" : "report" , "screen_name" : "report-sales-detailed" , "name":"report_sales_detailed_print" , "en":"Print" , "ar":"طباعة"},
    { "module_name" : "report" , "screen_name" : "report-sales-detailed" , "name":"report_sales_detailed_ui" , "en":"UI" , "ar":"الواجهة الرسومية"}
]