[
    {"name" : "tax_types_add" , "en" : "Add Tax Type" , "ar" : "إضافة ضريبة"},
    {"name" : "tax_types_new" , "en" : "New Tax Type" , "ar" : "ضريبة جديدة"},
    {"name" : "tax_types" , "en" : "Taxes Type" , "ar" : "الضرائب"},
    {"name" : "accounting_tax_types" , "en" : "Taxes Type" , "ar" : "الضرائب"},
    {"name" : "tax_types_details" , "en" : "Tax Type Details" , "ar" : "تفاصيل ضريبة"},
    {"name" : "tax_types_edit" , "en" : "Edit Tax Type" , "ar" : "تعديل بيانات ضريبة"},
    {"name" : "tax_types_delete" , "en" : "Delete Tax Type" , "ar" : "حذف ضريبة"},
    {"name" : "tax_types_name" , "en" : "Tax Type Name" , "ar" : "إسم الضريبة"},
    {"name" : "tax_types_value" , "en" : "Tax Type Value" , "ar" : "قيمة الضريبة"},
    {"name" : "tax_types_number" , "en" : "Tax Type Number" , "ar" : "مبلغ"},
    {"name" : "tax_types_percent" , "en" : "Tax Type Percent" , "ar" : "نسبة"},
    {"name" : "tax_types_logo" , "en" : "Tax Type Logo" , "ar" : " الشعار"},
    {"name" : "tax_types_img" , "en" : "Tax Type Image" , "ar" : "الملفات"}
    
    

]