[
    { "module_name" : "public" , "screen_name" : "activity" , "name":"activity_manage" , "en":"Manage" , "ar":"إدارة"},
    { "module_name" : "public" , "screen_name" : "activity" , "name":"activity_add" , "en":"Add" , "ar":"إضافة"},
    { "module_name" : "public" , "screen_name" : "activity" , "name":"activity_update" , "en":"Edit" , "ar":"تعديل"},
    { "module_name" : "public" , "screen_name" : "activity" , "name":"activity_delete" , "en":"Delete" , "ar":"حذف"},
    { "module_name" : "public" , "screen_name" : "activity" , "name":"activity_view" , "en":"View" , "ar":"عرض"},
    { "module_name" : "public" , "screen_name" : "activity" , "name":"activity_search" , "en":"Search" , "ar":"بحث"},
    { "module_name" : "public" , "screen_name" : "activity" , "name":"activity_export" , "en":"Export" , "ar":"تصدير"},
    { "module_name" : "public" , "screen_name" : "activity" , "name":"activity_print" , "en":"Print" , "ar":"طباعة"},
    { "module_name" : "public" , "screen_name" : "activity" , "name":"activity_ui" , "en":"Ui" , "ar":"الواجهة الرسومية"}
]