[{
        "name": "activities",
        "en": "The Service/Activity",
        "ar": "الخدمات/الأنشطة"
    },
    {
        "name": "activity",
        "en": "The Service/Activity",
        "ar": "الخدمة/النشاط"
    },
    {
        "name": "subscriptions_system",
        "en": "Subscriptions System",
        "ar": "نظام الإشتراكات"
    },
    {
        "name": "activity_new",
        "en": "New Service/Activity",
        "ar": "خدمة/نشاط جديد"
    },
    {
        "name": "session_count",
        "en": "Sessions Count",
        "ar": "عدد الجلسات"
    },
    {
        "name": "attend_count",
        "en": "Attend Count",
        "ar": "مرات الحضور"
    },
    {
        "name": "total_attend_count",
        "en": "Total Attend Count",
        "ar": "إجمالي مرات الحضور"
    },
    {
        "name": "available_period",
        "en": "Available Period",
        "ar": "الفترة المتاحة"
    },
    {
        "name": "session_price",
        "en": "Session Price",
        "ar": "سعر الجلسة"
    },
    {
        "name": "total_session_price",
        "en": "Total Session Price",
        "ar": "إجمالي سعر الجلسات"
    },
    {
        "name": "month_price",
        "en": "Month Price",
        "ar": "سعر الشهر"
    },
    {
        "name": "activity_add",
        "en": "Add Service/Activity",
        "ar": "إضافة خدمة/نشاط"
    },
    {
        "name": "activity_edit",
        "en": "Edit Activity",
        "ar": "تعديل خدمة/نشاط"
    },
    {
        "name": "activity_details",
        "en": "Service/Activity Details",
        "ar": "تفاصيل النشاط"
    },
    {
        "name": "activity_count",
        "en": "Activity Count",
        "ar": "العدد"
    },
    {
        "name": "err_select_activity",
        "en": "Must Select Service/Activity",
        "ar": "يجب إختيار خدمة/نشاط"
    },
    {
        "name": "activity_delete",
        "en": "Delete Service/Activity",
        "ar": "حذف خدمة/نشاط"
    },
    {
        "name": "activity_name",
        "en": "Service/Service/Activity Name",
        "ar": "إسم خدمة/نشاط "
    },
    {
        "name": "activity_price",
        "en": "Course Price",
        "ar": "سعر خدمة/نشاط "
    },
    {
        "name": "complex_activity",
        "en": "Assembler Service/Activity",
        "ar": "خدمة/نشاط مجمع"
    },
    {
        "name": "complex_activities",
        "en": "Assembler Services/Activities",
        "ar": "خدمات/أنشطة مجمعة"
    },
    {
        "name": "complex_activ_price",
        "en": "Total Assembler Services/Activities Price",
        "ar": "إجمالي سعر خدمات/أنشطة مجمعة"
    },
    
    {
        "name": "activities_price",
        "en": "Service/Activity Price",
        "ar": "سعر الخدمة/النشاط"
    },
    {
        "name": "activity_total",
        "en": "Total Duration",
        "ar": "إجمالي المدة "
    },
    {
        "name": "activity_capaneighborhood",
        "en": "Class Capaneighborhood",
        "ar": "سعة النشاط "
    },
    {
        "name": "activity_current",
        "en": "Number Of Current Students",
        "ar": "عدد الطلاب الحاليين"
    },
    {
        "name": "activity_remain",
        "en": "Activity Remain",
        "ar": "الجلسات الباقية"
    }
    

    
]