[
    {
        "name": "report_invoices_add",
        "en": "Add Customer",
        "ar": "إضافة عميل"
    },
    {
        "name": "report_invoices_customers_informations",
        "en": "Report Invoices Customers Informations",
        "ar": "بيانات تقرير العملاء"
    },
    {
        "name": "report_invoices_customers_name",
        "en": "Account Statement Customers",
        "ar": "كشف حساب العملاء"
    },
    {
        "name": "report_invoices_customers",
        "en": "Account Statement Customers",
        "ar": "كشف حساب العملاء"
    },
    {
        "name": "report_invoices_customers_menus",
        "en": "Report Invoices Menu",
        "ar": "قائمة تقرير فاتورة"
    },
    {
        "name": "invoices_code",
        "en": "Report Invoices Code",
        "ar": "كود الفاتورة"
    },
    {
        "name": "net_total_return",
        "en": "Net Total Return",
        "ar": "صافي إجمالي المرتجعات"
    },
    {
        "name": "total_net_values",
        "en": "Total Net Values",
        "ar": "إجمالي القيم المطلوبة"
    },
    {
        "name": "total_items_price",
        "en": "Total Items Price",
        "ar": "مجموع سعر الأصناف"
    }
]