[
    { "module_name" : "public" , "screen_name" : "tables" , "name":"tables_manage" , "en":"Manage" , "ar":"إدارة"},
    { "module_name" : "public" , "screen_name" : "tables" , "name":"tables_add" , "en":"Add" , "ar":"إضافة"},
    { "module_name" : "public" , "screen_name" : "tables" , "name":"tables_update" , "en":"Edit" , "ar":"تعديل"},
    { "module_name" : "public" , "screen_name" : "tables" , "name":"tables_delete" , "en":"Delete" , "ar":"حذف"},
    { "module_name" : "public" , "screen_name" : "tables" , "name":"tables_view" , "en":"View" , "ar":"عرض"},
    { "module_name" : "public" , "screen_name" : "tables" , "name":"tables_search" , "en":"Search" , "ar":"بحث"},
    { "module_name" : "public" , "screen_name" : "tables" , "name":"tables_export" , "en":"Export" , "ar":"تصدير"},
    { "module_name" : "public" , "screen_name" : "tables" , "name":"tables_print" , "en":"Print" , "ar":"طباعة"},
    { "module_name" : "public" , "screen_name" : "tables" , "name":"tables_ui" , "en":"UI" , "ar":"الواجهة الرسومية"}
]