[
    {
        "name": "tables",
        "en": "Table",
        "ar": "تعريف الطاولات"
    },
    {
        "name": "table",
        "en": "Table",
        "ar": "الطاولة"
    },
    {
        "name": "booking",
        "en": "Booking",
        "ar": "الحجز"
    },
    {
        "name": "reserved",
        "en": "Reserved",
        "ar": "محجوز"
    },
    {
        "name": "available",
        "en": "Available",
        "ar": "متاح"
    },
    {
        "name": "table_name",
        "en": "Table Name",
        "ar": "إسم الطاولة"
    },
    {
        "name": "tables_new",
        "en": "New Table",
        "ar": "طاولة جديد"
    },
    {
        "name": "tables_add",
        "en": "Add Table",
        "ar": "إضافة طاولة"
    },
    {
        "name": "tables_edit",
        "en": "Edit Table",
        "ar": "تعديل طاولة"
    },
    {
        "name": "tables_details",
        "en": "Table Details",
        "ar": "تفاصيل الطاولة"
    },
    {
        "name": "tables_delete",
        "en": "Delete tables",
        "ar": "حذف طاولة"
    },
    {
        "name": "tables_person",
        "en": "Persons",
        "ar": "أشخاص"
    },
    {
        "name": "tables_number",
        "en": "Table Number",
        "ar": "رقم الطاولة"
    },
    {
        "name": "tables_min",
        "en": "Minimum persons",
        "ar": "الحد الأدنى للأشخاص"
    },
    {
        "name": "tables_max",
        "en": "Maxmum persons",
        "ar": "الحد الأقصى للأشخاص"
    }
]