[
    { "module_name" : "public" , "screen_name" : "lecture" , "name":"lecture_manage" , "en":"Manage" , "ar":"إدارة"},
    { "module_name" : "public" , "screen_name" : "lecture" , "name":"lecture_add" , "en":"Add" , "ar":"إضافة"},
    { "module_name" : "public" , "screen_name" : "lecture" , "name":"lecture_update" , "en":"Edit" , "ar":"تعديل"},
    { "module_name" : "public" , "screen_name" : "lecture" , "name":"lecture_delete" , "en":"Delete" , "ar":"حذف"},
    { "module_name" : "public" , "screen_name" : "lecture" , "name":"lecture_view" , "en":"View" , "ar":"عرض"},
    { "module_name" : "public" , "screen_name" : "lecture" , "name":"lecture_search" , "en":"Search" , "ar":"بحث"},
    { "module_name" : "public" , "screen_name" : "lecture" , "name":"lecture_export" , "en":"Export" , "ar":"تصدير"},
    { "module_name" : "public" , "screen_name" : "lecture" , "name":"lecture_print" , "en":"Print" , "ar":"طباعة"},
    { "module_name" : "public" , "screen_name" : "lecture" , "name":"lecture_ui" , "en":"UI" , "ar":"الواجهة الرسومية"}
]