[
    { "name": "report_tenants_search","en": "Search", "ar": "بحث"},
    { "name": "report_tenants_date_from","en": "Date From", "ar": "من تاريخ"},
    { "name": "report_tenants_date_to","en": "Date To", "ar": "إلى تاريخ"},
    { "name": "report_tenants_date","en": "Date", "ar": "التاريخ"},

    { "name": "report_tenants_book","en": "Report tenants ", "ar": "تقرير حجز المستأجرين"},
    { "name": "report_tenants_start_date","en": "Start Date ", "ar": "تاريخ بداية الحجز"},
    { "name": "report_tenants_end_dete","en": "End Date ", "ar": "تاريخ نهاية الحجز"},
    { "name": "report_tenants_book_date","en": "Book Date ", "ar": "تاريخ الحجز"},

    { "name": "report_tenants_hall","en": "Hall Name", "ar": "إسم القاعة"},
    { "name": "report_tenants_serial","en": "Serial", "ar": "رقم مسلسل"},
    { "name": "report_tenants_required","en": "Required", "ar": "المطلوب"},
    { "name": "report_tenants_total_required","en": "Total Required", "ar": "إجمالي المطلوب"},
    { "name": "report_tenants_paid","en": "paid", "ar": "المدفوع"},
    { "name": "report_tenants_total","en": "Total Rest", "ar": "إجمالي المدفوع"},
    { "name": "report_tenants_rest","en": "Rest", "ar": "الباقي"},
    { "name": "report_tenants_total_rest","en": "Total Rest", "ar": "الباقي إجمالي"},


    { "name": "report_tenants_date","en": "Offer Date", "ar": "التاريخ"}
 
]