[
    { "module_name" : "report" , "screen_name" : "report-attend-students" , "name":"report_attend_students_manage" , "en":"Manage" , "ar":"إدارة"},
    { "module_name" : "report" , "screen_name" : "report-attend-students" , "name":"report_attend_students_search" , "en":"Search" , "ar":"بحث"},
    { "module_name" : "report" , "screen_name" : "report-attend-students" , "name":"report_attend_students_export" , "en":"Export" , "ar":"تصدير"},
    { "module_name" : "report" , "screen_name" : "report-attend-students" , "name":"report_attend_students_print" , "en":"Print" , "ar":"طباعة"},
    { "module_name" : "report" , "screen_name" : "report-attend-students" , "name":"report_attend_students_ui" , "en":"UI" , "ar":"الواجهة الرسومية"}
]  