[
    { "module_name" : "report" , "screen_name" : "report-trainer-attend" , "name":"report_trainer_attend_manage" , "en":"Manage" , "ar":"إدارة"},
    { "module_name" : "report" , "screen_name" : "report-trainer-attend" , "name":"report_trainer_attend_add" , "en":"Add" , "ar":"إضافة"},
    { "module_name" : "report" , "screen_name" : "report-trainer-attend" , "name":"report_trainer_attend_update" , "en":"Edit" , "ar":"تعديل"},
    { "module_name" : "report" , "screen_name" : "report-trainer-attend" , "name":"report_trainer_attend_delete" , "en":"Delete" , "ar":"حذف"},
    { "module_name" : "report" , "screen_name" : "report-trainer-attend" , "name":"report_trainer_attend_view" , "en":"View" , "ar":"عرض"},
    { "module_name" : "report" , "screen_name" : "report-trainer-attend" , "name":"report_trainer_attend_search" , "en":"Search" , "ar":"بحث"},
    { "module_name" : "report" , "screen_name" : "report-trainer-attend" , "name":"report_trainer_attend_export" , "en":"Export" , "ar":"تصدير"},
    { "module_name" : "report" , "screen_name" : "report-trainer-attend" , "name":"report_trainer_attend_print" , "en":"Print" , "ar":"طباعة"},
    { "module_name" : "report" , "screen_name" : "report-trainer-attend" , "name":"report_trainer_attend_ui" , "en":"Ui" , "ar":"الواجهة الرسومية"}
]