[{
        "name": "report_trainer_search",
        "en": "Search",
        "ar": "بحث"
    },
    {
        "name": "report_trainer_date_from",
        "en": "Date From",
        "ar": "من تاريخ"
    },
    {
        "name": "report_trainer_date_to",
        "en": "Date To",
        "ar": "إلى تاريخ"
    },
    {
        "name": "report_trainer_date",
        "en": "Date",
        "ar": "التاريخ"
    },
    {
        "name": "report_trainer_attend",
        "en": "Report Trainer Attend Session",
        "ar": "تقرير حضور الجلسات للمدربين"
    },
    {
        "name": "report_trainer_date",
        "en": "Date",
        "ar": "التاريخ"
    },
    {
        "name": "attend_absence_list",
        "en": "Attend & Absence List",
        "ar": "بيان الحضور و الغياب"
    },
    {
        "name": "attend_hour",
        "en": "Attend Hour",
        "ar": "حضور الساعة"
    },
    {
        "name": "out_hour",
        "en": "Out Hour",
        "ar": "إنصراف الساعة"
    },
    {
        "name": "report_trainer_serial",
        "en": "Serial",
        "ar": "رقم مسلسل"
    },
    {
        "name": "report_trainer_required",
        "en": "Required",
        "ar": "المطلوب"
    },
    {
        "name": "report_trainer_total_required",
        "en": "Total Required",
        "ar": "إجمالي المطلوب"
    },
    {
        "name": "report_trainer_paid",
        "en": "paid",
        "ar": "المدفوع"
    },
    {
        "name": "report_trainer_total",
        "en": "Total Rest",
        "ar": "إجمالي المدفوع"
    },
    {
        "name": "report_trainer_rest",
        "en": "Rest",
        "ar": "الباقي"
    },
    {
        "name": "report_trainer_total_rest",
        "en": "Total Rest",
        "ar": "الباقي إجمالي"
    },
    {
        "name": "report_trainer_date",
        "en": "Offer Date",
        "ar": "التاريخ"
    }

]