[
    { "module_name" : "public" , "screen_name" : "request-activity" , "name":"request_activity_manage" , "en":"Manage" , "ar":"إدارة"},
    { "module_name" : "public" , "screen_name" : "request-activity" , "name":"request_activity_add" , "en":"Add" , "ar":"إضافة"},
    { "module_name" : "public" , "screen_name" : "request-activity" , "name":"request_activity_update" , "en":"Edit" , "ar":"تعديل"},
    { "module_name" : "public" , "screen_name" : "request-activity" , "name":"request_activity_delete" , "en":"Delete" , "ar":"حذف"},
    { "module_name" : "public" , "screen_name" : "request-activity" , "name":"request_activity_view" , "en":"View" , "ar":"عرض"},
    { "module_name" : "public" , "screen_name" : "request-activity" , "name":"request_activity_search" , "en":"Search" , "ar":"بحث"},
    { "module_name" : "public" , "screen_name" : "request-activity" , "name":"request_activity_export" , "en":"Export" , "ar":"تصدير"},
    { "module_name" : "public" , "screen_name" : "request-activity" , "name":"request_activity_print" , "en":"Print" , "ar":"طباعة"},
    { "module_name" : "public" , "screen_name" : "request-activity" , "name":"request_activity_ui" , "en":"Ui" , "ar":"الواجهة الرسومية"}
]