[
    { "module_name" : "public" , "screen_name" : "exams" , "name":"exams_manage" , "en":"Manage" , "ar":"إدارة"},
    { "module_name" : "public" , "screen_name" : "exams" , "name":"exams_add" , "en":"Add" , "ar":"إضافة"},
    { "module_name" : "public" , "screen_name" : "exams" , "name":"exams_update" , "en":"Edit" , "ar":"تعديل"},
    { "module_name" : "public" , "screen_name" : "exams" , "name":"exams_delete" , "en":"Delete" , "ar":"حذف"},
    { "module_name" : "public" , "screen_name" : "exams" , "name":"exams_view" , "en":"View" , "ar":"عرض"},
    { "module_name" : "public" , "screen_name" : "exams" , "name":"exams_search" , "en":"Search" , "ar":"بحث"},
    { "module_name" : "public" , "screen_name" : "exams" , "name":"exams_export" , "en":"Export" , "ar":"تصدير"},
    { "module_name" : "public" , "screen_name" : "exams" , "name":"exams_print" , "en":"Print" , "ar":"طباعة"},
    { "module_name" : "public" , "screen_name" : "exams" , "name":"exams_ui" , "en":"UI" , "ar":"الواجهة الرسومية"}
]