[
    {
        "name": "exams",
        "en": "Exams",
        "ar": "الإمتحانات"
    },
    {
        "name": "exam",
        "en": "Exam",
        "ar": "الإمتحان"
    },
    {
        "name": "exam_name",
        "en": "Exam Name",
        "ar": "إسم الإمتحان"
    },
   
    {
        "name": "remaining_time",
        "en": "Remaining time",
        "ar": "باقي من الزمن"
    },
    {
        "name": "exam_time_expired",
        "en": "The exam time has expired",
        "ar": "وقت الإمتحان قد إنتهى"
    },
    {
        "name": "exams_new",
        "en": "New Exam",
        "ar": "إمتحان جديد"
    },
    {
        "name": "exams_add",
        "en": "Add Exam",
        "ar": "إضافة إمتحان"
    },
    {
        "name": "exams_edit",
        "en": "Edit Exam",
        "ar": "تعديل إمتحان"
    },
    {
        "name": "correct_answer",
        "en": "The correct answer",
        "ar": "الإجابة الصحيحة"
    },
    {
        "name": "student_answer",
        "en": "Student answer",
        "ar": "إجابة الطالب"
    },
    {
        "name": "exams_details",
        "en": "Exam Details",
        "ar": "تفاصيل الإمتحان"
    },
    {
        "name": "exams_delete",
        "en": "Delete exams",
        "ar": "حذف إمتحان"
    },
    {
        "name": "correction_exam",
        "en": "Correction of the exam",
        "ar": "تصحيح اللإمتحان"
    },
    {
        "name": "final_grade",
        "en": "The Final Grade",
        "ar": "الدرجة النهائية"
    },
    {
        "name": "no_answer",
        "en": "There is no answer",
        "ar": "لا يوجد إجابة"
    },
    {
        "name": "degree_success",
        "en": "The Degree Of Success",
        "ar": "درجة النجاح"
    },
    {
        "name": "exams_type",
        "en": "Exam Type",
        "ar": "نوع الإمتحان"
    },
    {
        "name": "exam_started",
        "en": "Exam Started",
        "ar": "بدء الإمتحان"
    },
    {
        "name": "with_reason_stated",
        "en": "With the reason stated",
        "ar": "مع ذكر السبب"
    },
    {
        "name": "choices",
        "en": "Choices",
        "ar": "الإختيارات"
    },
    {
        "name": "availability_exam",
        "en": "Availability Exam",
        "ar": "إتاحة الإمتحان"
    },
    {
        "name": "choosing_students",
        "en": "Choosing students",
        "ar": "إختيار الطلاب"
    },
    {
        "name": "title_question",
        "en": "Title of the question",
        "ar": "عنوان السؤال"
    },
    {
        "name": "passing_score_greater_final_grade",
        "en": "The passing score is greater than the final grade",
        "ar": "درجة النجاح أكبر من الدرجة النهائية"
    },
    {
        "name": "sum_scores_not_equal_final_score",
        "en": "The sum of the scores does not equal the final score",
        "ar": "مجموع الدرجات لا يساوي الدرجة النهائية"
    },
    {
        "name": "student_scores_not_equal_final_score",
        "en": "The student's grade are greater than the final grade",
        "ar": "درجة الطالب أكبر من الدرجة النهائية"
    },
    {
        "name": "student_scores_not_equal_question_score",
        "en": "The student’s score is greater than the question’s score",
        "ar": "درجة الطالب أكبر من درجة السؤال"
    },
    {
        "name": "There_are_unanswered_questions",
        "en": "There are unanswered questions",
        "ar": "يوجد أسئلة لم يتم الإجابة عليها"
    },
    {
        "name": "question_types",
        "en": "Question Type",
        "ar": "نوع السؤال"
    },
    {
        "name": "answer",
        "en": "The Answer",
        "ar": "الإجابة"
    },
    {
        "name": "add_text",
        "en": "Add text",
        "ar": "إضافة نص"
    },
    {
        "name": "total_scores",
        "en": "Total scores",
        "ar": "مجموع الدرجات"
    },
    {
        "name": "additional_degrees",
        "en": "Additional degrees",
        "ar": "درجات إضافية"
    },
    {
        "name": "exam_procedure",
        "en": "Exam Procedure",
        "ar": "إجراء الإمتحان"
    },
    {
        "name": "exam_was_completed",
        "en": "The exam was completed",
        "ar": "تم الإمتحان"
    },
    {
        "name": "upload_exam",
        "en": "Upload exam",
        "ar": "تحميل إمتحان"
    },
    {
        "name": "You_have_already_taken_test",
        "en": "The test has already been performed",
        "ar": "تم إجراء الإختبار من قبل"
    },
    {
        "name": "cant_enter_exam",
        "en": "You cannot enter because you are not registered for the exam",
        "ar": "لا يمكنك الدخول لأنك غير مسجل في الإمتحان"
    },
    {
        "name": "exam_wasnot_completed",
        "en": "The exam wasn`t completed",
        "ar": "لم يتم الإمتحان"
    },
    {
        "name": "finish_exam",
        "en": "Finish the exam",
        "ar": "إنهاء الإمتحان"
    },
    {
        "name": "termination_correction",
        "en": "Termination of correction",
        "ar": "إنهاء التصحيح"
    },
    {
        "name": "exam_time",
        "en": "Exam time",
        "ar": "زمن الإمتحان"
    },
    {
        "name": "ex_time",
        "en": "time",
        "ar": "الزمن"
    },
    {
        "name": "class",
        "en": "Class",
        "ar": "الصف"
    },
    {
        "name": "degree",
        "en": "Degree",
        "ar": "الدرجة"
    },
    {
        "name": "student_degree",
        "en": "Student's degree",
        "ar": "درجة الطالب"
    },
    {
        "name": "question",
        "en": "The question",
        "ar": "السؤال"
    },
    {
        "name": "exams_number",
        "en": "Exam Number",
        "ar": "رقم الإمتحان"
    },
    {
        "name": "create_questions",
        "en": "Create questions",
        "ar": "إنشاء الأسئلة"
    },
    {
        "name": "exam_questions",
        "en": "Exam questions",
        "ar": "أسئلة الإمتحان"
    },
    {
        "name": "duration_exam",
        "en": "Duration of the exam",
        "ar": "مدة الإمتحان"
    }
]