[
    { "module_name" : "public" , "screen_name" : "kitchen" , "name":"kitchen_manage" , "en":"Manage" , "ar":"إدارة"},
    { "module_name" : "public" , "screen_name" : "kitchen" , "name":"kitchen_add" , "en":"Add" , "ar":"إضافة"},
    { "module_name" : "public" , "screen_name" : "kitchen" , "name":"kitchen_update" , "en":"Edit" , "ar":"تعديل"},
    { "module_name" : "public" , "screen_name" : "kitchen" , "name":"kitchen_delete" , "en":"Delete" , "ar":"حذف"},
    { "module_name" : "public" , "screen_name" : "kitchen" , "name":"kitchen_view" , "en":"View" , "ar":"عرض"},
    { "module_name" : "public" , "screen_name" : "kitchen" , "name":"kitchen_search" , "en":"Search" , "ar":"بحث"},
    { "module_name" : "public" , "screen_name" : "kitchen" , "name":"kitchen_export" , "en":"Export" , "ar":"تصدير"},
    { "module_name" : "public" , "screen_name" : "kitchen" , "name":"kitchen_print" , "en":"Print" , "ar":"طباعة"},
    { "module_name" : "public" , "screen_name" : "kitchen" , "name":"kitchen_ui" , "en":"UI" , "ar":"الواجهة الرسومية"}
]