[
    { "module_name" : "accounting" , "screen_name" : "currency" , "name":"currency_manage" , "en":"Manage" , "ar":"إدارة"},
    { "module_name" : "accounting" , "screen_name" : "currency" , "name":"currency_add" , "en":"Add" , "ar":"إضافة"},
    { "module_name" : "accounting" , "screen_name" : "currency" , "name":"currency_update" , "en":"Edit" , "ar":"تعديل"},
    { "module_name" : "accounting" , "screen_name" : "currency" , "name":"currency_delete" , "en":"Delete" , "ar":"حذف"},
    { "module_name" : "accounting" , "screen_name" : "currency" , "name":"currency_view" , "en":"View" , "ar":"عرض"},
    { "module_name" : "accounting" , "screen_name" : "currency" , "name":"currency_search" , "en":"Search" , "ar":"بحث"},
    { "module_name" : "accounting" , "screen_name" : "currency" , "name":"currency_export" , "en":"Export" , "ar":"تصدير"},
    { "module_name" : "accounting" , "screen_name" : "currency" , "name":"currency_print" , "en":"Print" , "ar":"طباعة"},
    { "module_name" : "accounting" , "screen_name" : "currency" , "name":"currency_ui" , "en":"UI" , "ar":"الواجهة الرسومية"}
]