[
    {
        "name": "currencies",
        "en": "Currencies",
        "ar": "العملات"
    },
    {
        "name": "currency",
        "en": "Currency",
        "ar": "العملة"
    },
    {
        "name": "currency_name",
        "en": "Currency Name",
        "ar": "إسم العملة"
    },
    {
        "name": "err_delete_currency",
        "en": "The currency cannot be deleted for other transactions",
        "ar": "لأ يمكن حذف العملة لإستخدامها في معاملات أخرى"
    },
    {
        "name": "minor_currency",
        "en": "Minor Currency",
        "ar": "العملة الصغرى"
    },
    {
        "name": "minor_currency_en",
        "en": "En. Minor Currency",
        "ar": "العملة الصغرى بالإنجليزي"
    },
    {
        "name": "ex_rate",
        "en": "Exchange rate",
        "ar": "سعر الصرف"
    },
    {
        "name": "currency_new",
        "en": "New Currency",
        "ar": "عملة  جديد"
    },
    {
        "name": "currency_add",
        "en": "Add Currency",
        "ar": "إضافة عملة "
    },
    {
        "name": "currency_edit",
        "en": "Edit Currency",
        "ar": "تعديل عملة "
    },
    {
        "name": "currency_details",
        "en": "Currency Details",
        "ar": "تفاصيل العملة "
    },
    {
        "name": "currency_delete",
        "en": "Delete Currency",
        "ar": "حذف عملة "
    }
]