[
    { "module_name" : "public" , "screen_name" : "tenant" , "name":"tenant_manage" , "en":"Manage" , "ar":"إدارة"},
    { "module_name" : "public" , "screen_name" : "tenant" , "name":"tenant_add" , "en":"Add" , "ar":"إضافة"},
    { "module_name" : "public" , "screen_name" : "tenant" , "name":"tenant_update" , "en":"Edit" , "ar":"تعديل"},
    { "module_name" : "public" , "screen_name" : "tenant" , "name":"tenant_delete" , "en":"Delete" , "ar":"حذف"},
    { "module_name" : "public" , "screen_name" : "tenant" , "name":"tenant_view" , "en":"View" , "ar":"عرض"},
    { "module_name" : "public" , "screen_name" : "tenant" , "name":"tenant_search" , "en":"Search" , "ar":"بحث"},
    { "module_name" : "public" , "screen_name" : "tenant" , "name":"tenant_export" , "en":"Export" , "ar":"تصدير"},
    { "module_name" : "public" , "screen_name" : "tenant" , "name":"tenant_print" , "en":"Print" , "ar":"طباعة"},
    { "module_name" : "public" , "screen_name" : "tenant" , "name":"tenant_ui" , "en":"UI" , "ar":"الواجهة الرسومية"}
]