[
    {
        "name": "tenant",
        "en": "Tenant",
        "ar": "المستأجر"
    },
    {
        "name": "tenants",
        "en": "Tenants",
        "ar": "المستأجرين"
    },
    {
        "name": "tenant_new",
        "en": "New Tenant",
        "ar": "مستأجر جديد"
    },

    {
        "name": "tenant_add",
        "en": "Add Tenant",
        "ar": "إضافة مستأجر"
    },
    {
        "name": "tenant_edit",
        "en": "Edit Tenant",
        "ar": "تعديل مستأجر"
    },
    {
        "name": "tenant_details",
        "en": "Tenant Details",
        "ar": "تفاصيل المستأجر"
    },
    {
        "name": "tenant_delete",
        "en": "Delete Tenant",
        "ar": "حذف مستأجر"
    },
    {
        "name": "tenant_name",
        "en": "Tenant Name",
        "ar": "إسم المستأجر"
    },
    {
        "name": "tenant_indentfy",
        "en": "Tenant Indentfy",
        "ar": "نوع المستأجر"
    },
    {
        "name": "birth_date",
        "en": "Birth Date",
        "ar": "تاريخ الميلاد"
    },
    {
        "name": "qualification",
        "en": "Qualification",
        "ar": "المؤهل"
    },
    {
        "name": "tenant_info",
        "en": "Tenant Informations",
        "ar": "معلومات المستأجر"
    }

]